Chr1	175182	175185
Chr1	174497	174500
Chr1	174500	174503
Chr1	174497	174500
Chr1	214352	214355
Chr1	214352	214355
Chr1	214352	214355
Chr1	316537	316540
Chr1	316534	316537
Chr1	316534	316537
Chr1	1041523	1041526
Chr1	1084104	1084107
Chr1	1132974	1132977
Chr1	1132562	1132565
Chr1	1132974	1132977
Chr1	1132974	1132977
Chr1	1132974	1132977
Chr1	1132977	1132980
Chr1	1193504	1193507
Chr1	1193504	1193507
Chr1	1374936	1374939
Chr1	1374936	1374939
Chr1	1374936	1374939
Chr1	1379530	1379533
Chr1	1579127	1579130
Chr1	1579127	1579130
Chr1	1715116	1715119
Chr1	1715116	1715119
Chr1	1715116	1715119
Chr1	1744282	1744285
Chr1	2059112	2059115
Chr1	2179875	2179878
Chr1	2959989	2959992
Chr1	3444991	3444994
Chr1	3444991	3444994
Chr1	3444994	3444997
Chr1	3479256	3479259
Chr1	3619714	3619717
Chr1	3619549	3619552
Chr1	3929764	3929767
Chr1	3929764	3929767
Chr1	3929767	3929770
Chr1	4076463	4076466
Chr1	4076463	4076466
Chr1	4076463	4076466
Chr1	4178205	4178208
Chr1	4220009	4220012
Chr1	4220009	4220012
Chr1	4317760	4317763
Chr1	5087201	5087204
Chr1	5099241	5099244
Chr1	5120693	5120696
Chr1	5120693	5120696
Chr1	5120693	5120696
Chr1	5145816	5145819
Chr1	5145816	5145819
Chr1	5145816	5145819
Chr1	5344031	5344034
Chr1	5529828	5529831
Chr1	5623713	5623716
Chr1	5623713	5623716
Chr1	5623713	5623716
Chr1	5623716	5623719
Chr1	5709001	5709004
Chr1	5709004	5709007
Chr1	5709001	5709004
Chr1	5709004	5709007
Chr1	6013623	6013626
Chr1	6057238	6057241
Chr1	6057238	6057241
Chr1	6057238	6057241
Chr1	6057241	6057244
Chr1	6170366	6170369
Chr1	6322807	6322810
Chr1	6364926	6364929
Chr1	6432233	6432236
Chr1	6432233	6432236
Chr1	6432233	6432236
Chr1	6432233	6432236
Chr1	6765966	6765969
Chr1	6798864	6798867
Chr1	6798864	6798867
Chr1	6798864	6798867
Chr1	6806760	6806763
Chr1	6806760	6806763
Chr1	6806760	6806763
Chr1	6806760	6806763
Chr1	6816417	6816420
Chr1	6816414	6816417
Chr1	6816414	6816417
Chr1	6816414	6816417
Chr1	6816414	6816417
Chr1	6846281	6846284
Chr1	6846278	6846281
Chr1	6846281	6846284
Chr1	6846278	6846281
Chr1	6871749	6871752
Chr1	6864903	6864906
Chr1	6864903	6864906
Chr1	6864903	6864906
Chr1	6864903	6864906
Chr1	7079397	7079400
Chr1	7258561	7258564
Chr1	7361750	7361753
Chr1	7514411	7514414
Chr1	7514411	7514414
Chr1	7514411	7514414
Chr1	7514411	7514414
Chr1	7514414	7514417
Chr1	7553869	7553872
Chr1	7587835	7587838
Chr1	7587835	7587838
Chr1	7587835	7587838
Chr1	7587835	7587838
Chr1	7615198	7615201
Chr1	8083871	8083874
Chr1	8083871	8083874
Chr1	8083871	8083874
Chr1	8083871	8083874
Chr1	8188977	8188980
Chr1	8326624	8326627
Chr1	8326624	8326627
Chr1	8326624	8326627
Chr1	8326624	8326627
Chr1	8392201	8392204
Chr1	8578347	8578350
Chr1	8750605	8750608
Chr1	8750743	8750746
Chr1	8750743	8750746
Chr1	8750743	8750746
Chr1	8750743	8750746
Chr1	8913054	8913057
Chr1	8984850	8984853
Chr1	8984850	8984853
Chr1	8984850	8984853
Chr1	8984850	8984853
Chr1	9142464	9142467
Chr1	9142464	9142467
Chr1	9142464	9142467
Chr1	9142464	9142467
Chr1	9146586	9146589
Chr1	9510987	9510990
Chr1	9553319	9553322
Chr1	9581604	9581607
Chr1	9581604	9581607
Chr1	9581604	9581607
Chr1	9581604	9581607
Chr1	9854677	9854680
Chr1	9854677	9854680
Chr1	9854677	9854680
Chr1	9854680	9854683
Chr1	9908497	9908500
Chr1	10027124	10027127
Chr1	10233765	10233768
Chr1	10615260	10615263
Chr1	10687603	10687606
Chr1	10907374	10907377
Chr1	10903900	10903903
Chr1	10903900	10903903
Chr1	10903900	10903903
Chr1	10903900	10903903
Chr1	10996524	10996527
Chr1	11049517	11049520
Chr1	11226137	11226140
Chr1	11226134	11226137
Chr1	11226134	11226137
Chr1	11226134	11226137
Chr1	11272005	11272008
Chr1	11453096	11453099
Chr1	11939748	11939751
Chr1	12225807	12225810
Chr1	12323224	12323227
Chr1	13341831	13341834
Chr1	13418286	13418289
Chr1	13418286	13418289
Chr1	13418286	13418289
Chr1	13418286	13418289
Chr1	13418286	13418289
Chr1	13988867	13988870
Chr1	14047375	14047378
Chr1	14047375	14047378
Chr1	14384273	14384276
Chr1	14384273	14384276
Chr1	14479331	14479334
Chr1	14479331	14479334
Chr1	14909830	14909833
Chr1	15360898	15360901
Chr1	15498263	15498266
Chr1	15512726	15512729
Chr1	15512723	15512726
Chr1	15512723	15512726
Chr1	15512726	15512729
Chr1	15512723	15512726
Chr1	15807089	15807092
Chr1	16518914	16518917
Chr1	18832726	18832729
Chr1	18828920	18828923
Chr1	18832726	18832729
Chr1	18839793	18839796
Chr1	18869330	18869333
Chr1	18989741	18989744
Chr1	18989741	18989744
Chr1	18989741	18989744
Chr1	19406444	19406447
Chr1	20419243	20419246
Chr1	21351850	21351853
Chr1	21351850	21351853
Chr1	21351850	21351853
Chr1	21351850	21351853
Chr1	21565699	21565702
Chr1	21565699	21565702
Chr1	21565699	21565702
Chr1	21565699	21565702
Chr1	21561969	21561972
Chr1	21565699	21565702
Chr1	21565699	21565702
Chr1	21565699	21565702
Chr1	21565699	21565702
Chr1	21677316	21677319
Chr1	22102811	22102814
Chr1	22415369	22415372
Chr1	22415369	22415372
Chr1	22415369	22415372
Chr1	22415874	22415877
Chr1	23188885	23188888
Chr1	23512402	23512405
Chr1	24082610	24082613
Chr1	24082897	24082900
Chr1	24082897	24082900
Chr1	24082897	24082900
Chr1	24082897	24082900
Chr1	24082897	24082900
Chr1	24082897	24082900
Chr1	24088701	24088704
Chr1	24177660	24177663
Chr1	24191676	24191679
Chr1	24252949	24252952
Chr1	24252949	24252952
Chr1	24252949	24252952
Chr1	24470954	24470957
Chr1	24465136	24465139
Chr1	24607313	24607316
Chr1	24610174	24610177
Chr1	24610174	24610177
Chr1	24610174	24610177
Chr1	24610174	24610177
Chr1	24966588	24966591
Chr1	24966588	24966591
Chr1	24966591	24966594
Chr1	24966588	24966591
Chr1	24969376	24969379
Chr1	25086304	25086307
Chr1	25086304	25086307
Chr1	25086304	25086307
Chr1	25086307	25086310
Chr1	25086304	25086307
Chr1	25256700	25256703
Chr1	25256700	25256703
Chr1	25256700	25256703
Chr1	25680935	25680938
Chr1	25680938	25680941
Chr1	25680935	25680938
Chr1	26106793	26106796
Chr1	26106796	26106799
Chr1	26106793	26106796
Chr1	26106796	26106799
Chr1	26106793	26106796
Chr1	26422017	26422020
Chr1	26514453	26514456
Chr1	26760890	26760893
Chr1	26924632	26924635
Chr1	27250493	27250496
Chr1	27497110	27497113
Chr1	27497113	27497116
Chr1	27507653	27507656
Chr1	27924847	27924850
Chr1	27951800	27951803
Chr1	28311525	28311528
Chr1	28356228	28356231
Chr1	28356231	28356234
Chr1	28356231	28356234
Chr1	28356231	28356234
Chr1	28394513	28394516
Chr1	28394436	28394439
Chr1	28811148	28811151
Chr1	28924284	28924287
Chr1	28924284	28924287
Chr1	28924284	28924287
Chr1	28924284	28924287
Chr1	28927297	28927300
Chr1	28936523	28936526
Chr1	28943928	28943931
Chr1	29276378	29276381
Chr1	29276378	29276381
Chr1	29276378	29276381
Chr1	29276378	29276381
Chr1	29322742	29322745
Chr1	29322742	29322745
Chr1	29322742	29322745
Chr1	29378591	29378594
Chr1	29494571	29494574
Chr1	29496301	29496304
Chr1	29494571	29494574
Chr1	29496304	29496307
Chr1	29494571	29494574
Chr1	29926800	29926803
Chr1	29926800	29926803
Chr1	29926800	29926803
Chr1	29935735	29935738
Chr1	29935738	29935741
Chr1	29935735	29935738
Chr1	29935738	29935741
Chr1	29935735	29935738
Chr1	30235962	30235965
Chr1	30235962	30235965
Chr1	30235962	30235965
Chr1	30235962	30235965
Chr1	30235962	30235965
Chr1	30569862	30569865
Chr1	30813984	30813987
Chr1	30864901	30864904
Chr1	30897454	30897457
Chr1	30895564	30895567
Chr1	30895564	30895567
Chr1	30895564	30895567
Chr1	30895564	30895567
Chr1	30897374	30897377
Chr1	31340202	31340205
Chr1	31412431	31412434
Chr1	31412431	31412434
Chr1	31412431	31412434
Chr1	31458870	31458873
Chr1	31556969	31556972
Chr1	31556969	31556972
Chr1	31556969	31556972
Chr1	31556969	31556972
Chr1	31711998	31712001
Chr1	31849839	31849842
Chr1	32042994	32042997
Chr1	32042994	32042997
Chr1	32042994	32042997
Chr1	32042994	32042997
Chr1	32291479	32291482
Chr1	32293359	32293362
Chr1	32293359	32293362
Chr1	32293359	32293362
Chr1	32293359	32293362
Chr1	32491650	32491653
Chr1	32784946	32784949
Chr1	32796501	32796504
Chr1	32793389	32793392
Chr1	33282256	33282259
Chr1	33282256	33282259
Chr1	33282256	33282259
Chr1	33282259	33282262
Chr1	33619293	33619296
Chr1	33766058	33766061
Chr1	33766058	33766061
Chr1	33766058	33766061
Chr1	33763891	33763894
Chr1	33766061	33766064
Chr1	33781381	33781384
Chr1	33781381	33781384
Chr1	33781384	33781387
Chr1	33781381	33781384
Chr1	34281435	34281438
Chr1	34281435	34281438
Chr1	34281435	34281438
Chr1	34281435	34281438
Chr1	34353550	34353553
Chr1	34353553	34353556
Chr1	34353550	34353553
Chr1	34494348	34494351
Chr1	34505905	34505908
Chr1	34612511	34612514
Chr1	34646477	34646480
Chr1	34666357	34666360
Chr1	34695077	34695080
Chr1	34726029	34726032
Chr1	34897488	34897491
Chr1	34897488	34897491
Chr1	34897488	34897491
Chr1	35124101	35124104
Chr1	35136769	35136772
Chr1	35200488	35200491
Chr1	35200488	35200491
Chr1	35200491	35200494
Chr1	35200488	35200491
Chr1	35200488	35200491
Chr1	35200488	35200491
Chr1	35228862	35228865
Chr1	35465444	35465447
Chr1	35465444	35465447
Chr1	35468649	35468652
Chr1	35588614	35588617
Chr1	36062159	36062162
Chr1	36114223	36114226
Chr1	36150072	36150075
Chr1	36149920	36149923
Chr1	36149917	36149920
Chr1	36267658	36267661
Chr1	36267658	36267661
Chr1	36270510	36270513
Chr1	36270510	36270513
Chr1	36444862	36444865
Chr1	36444964	36444967
Chr1	36466362	36466365
Chr1	36475678	36475681
Chr1	36533847	36533850
Chr1	37399910	37399913
Chr1	37534439	37534442
Chr1	37534439	37534442
Chr1	37534439	37534442
Chr1	37608003	37608006
Chr1	37898357	37898360
Chr1	37938918	37938921
Chr1	38079293	38079296
Chr1	38079781	38079784
Chr1	38079778	38079781
Chr1	38085596	38085599
Chr1	38160477	38160480
Chr1	38189335	38189338
Chr1	38193461	38193464
Chr1	38242705	38242708
Chr1	38242705	38242708
Chr1	38242705	38242708
Chr1	38636691	38636694
Chr1	38674211	38674214
Chr1	38674211	38674214
Chr1	38674214	38674217
Chr1	38679984	38679987
Chr1	38898351	38898354
Chr1	38898351	38898354
Chr1	38898351	38898354
Chr1	38898354	38898357
Chr1	39147393	39147396
Chr1	39147396	39147399
Chr1	39147393	39147396
Chr1	39234960	39234963
Chr1	39230662	39230665
Chr1	39423451	39423454
Chr1	39543337	39543340
Chr1	39543337	39543340
Chr1	39543337	39543340
Chr1	39665182	39665185
Chr1	39804989	39804992
Chr1	39899559	39899562
Chr1	39904179	39904182
Chr1	39899559	39899562
Chr1	39899559	39899562
Chr1	39904179	39904182
Chr1	39899559	39899562
Chr1	39904179	39904182
Chr1	39899559	39899562
Chr1	39904182	39904185
Chr1	39957256	39957259
Chr1	39957256	39957259
Chr1	39957256	39957259
Chr1	40262215	40262218
Chr1	40262215	40262218
Chr1	40262215	40262218
Chr1	40262215	40262218
Chr1	40283834	40283837
Chr1	40281933	40281936
Chr1	40290945	40290948
Chr1	40325061	40325064
Chr1	40469771	40469774
Chr1	40469774	40469777
Chr1	40469771	40469774
Chr1	40469771	40469774
Chr1	40641753	40641756
Chr1	40641753	40641756
Chr1	40641753	40641756
Chr1	40641753	40641756
Chr1	40692631	40692634
Chr1	40692631	40692634
Chr1	40684504	40684507
Chr1	40692631	40692634
Chr1	40692631	40692634
Chr1	40818574	40818577
Chr1	40818574	40818577
Chr1	40818574	40818577
Chr1	40818574	40818577
Chr1	40832861	40832864
Chr1	40832861	40832864
Chr1	40832861	40832864
Chr1	40832861	40832864
Chr1	40984350	40984353
Chr1	40984350	40984353
Chr1	40984350	40984353
Chr1	41148510	41148513
Chr1	41148513	41148516
Chr1	41148827	41148830
Chr1	41321422	41321425
Chr1	41321637	41321640
Chr1	41774917	41774920
Chr1	41774920	41774923
Chr1	41818258	41818261
Chr1	41818258	41818261
Chr1	41818258	41818261
Chr1	41838557	41838560
Chr1	41979187	41979190
Chr1	41979187	41979190
Chr1	41979145	41979148
Chr1	41979184	41979187
Chr1	42023271	42023274
Chr1	42023271	42023274
Chr1	42023271	42023274
Chr1	42023274	42023277
Chr1	42023271	42023274
Chr1	42144080	42144083
Chr1	42144077	42144080
Chr1	42144077	42144080
Chr1	42320293	42320296
Chr1	42320293	42320296
Chr1	42320293	42320296
Chr1	42320293	42320296
Chr1	42320293	42320296
Chr1	42567727	42567730
Chr1	42599828	42599831
Chr1	42599828	42599831
Chr1	42599828	42599831
Chr1	42746251	42746254
Chr1	42930249	42930252
Chr1	42930252	42930255
Chr1	43019690	43019693
Chr10	255960	255963
Chr10	290595	290598
Chr10	664875	664878
Chr10	664875	664878
Chr10	664875	664878
Chr10	664875	664878
Chr10	664875	664878
Chr10	855359	855362
Chr10	1267743	1267746
Chr10	1267743	1267746
Chr10	1267743	1267746
Chr10	1267746	1267749
Chr10	1267743	1267746
Chr10	1267743	1267746
Chr10	1766192	1766195
Chr10	1896880	1896883
Chr10	1896880	1896883
Chr10	1896880	1896883
Chr10	1896880	1896883
Chr10	2553515	2553518
Chr10	2734626	2734629
Chr10	2734623	2734626
Chr10	2734623	2734626
Chr10	2990544	2990547
Chr10	2983646	2983649
Chr10	2990544	2990547
Chr10	2990544	2990547
Chr10	2990544	2990547
Chr10	2990544	2990547
Chr10	2990544	2990547
Chr10	3139782	3139785
Chr10	4007945	4007948
Chr10	4007945	4007948
Chr10	4996844	4996847
Chr10	6075021	6075024
Chr10	6896565	6896568
Chr10	6896568	6896571
Chr10	6896565	6896568
Chr10	7356178	7356181
Chr10	7399683	7399686
Chr10	7399680	7399683
Chr10	7399680	7399683
Chr10	7399680	7399683
Chr10	7399680	7399683
Chr10	7408188	7408191
Chr10	9169249	9169252
Chr10	9169249	9169252
Chr10	9169249	9169252
Chr10	9284124	9284127
Chr10	10493805	10493808
Chr10	10787549	10787552
Chr10	11609959	11609962
Chr10	11609959	11609962
Chr10	11609959	11609962
Chr10	11609959	11609962
Chr10	11609959	11609962
Chr10	11754178	11754181
Chr10	11955072	11955075
Chr10	11955069	11955072
Chr10	11955069	11955072
Chr10	12025204	12025207
Chr10	12054351	12054354
Chr10	12054351	12054354
Chr10	12054351	12054354
Chr10	12054351	12054354
Chr10	12054351	12054354
Chr10	13030577	13030580
Chr10	13030577	13030580
Chr10	13030577	13030580
Chr10	13102743	13102746
Chr10	13102743	13102746
Chr10	13102743	13102746
Chr10	13102743	13102746
Chr10	13370543	13370546
Chr10	13370543	13370546
Chr10	13370540	13370543
Chr10	13370540	13370543
Chr10	13392306	13392309
Chr10	13994123	13994126
Chr10	14020305	14020308
Chr10	14020308	14020311
Chr10	14020305	14020308
Chr10	14020305	14020308
Chr10	14117253	14117256
Chr10	14181191	14181194
Chr10	14181188	14181191
Chr10	14181188	14181191
Chr10	14181188	14181191
Chr10	14468845	14468848
Chr10	14718538	14718541
Chr10	15143402	15143405
Chr10	15143402	15143405
Chr10	15143402	15143405
Chr10	15143402	15143405
Chr10	15268277	15268280
Chr10	15522562	15522565
Chr10	15522562	15522565
Chr10	15522565	15522568
Chr10	15844226	15844229
Chr10	15844226	15844229
Chr10	15844226	15844229
Chr10	15844229	15844232
Chr10	15844226	15844229
Chr10	15910088	15910091
Chr10	16299895	16299898
Chr10	16399985	16399988
Chr10	16442683	16442686
Chr10	16538773	16538776
Chr10	16572762	16572765
Chr10	16607043	16607046
Chr10	16785559	16785562
Chr10	16851281	16851284
Chr10	16851281	16851284
Chr10	16851281	16851284
Chr10	17464434	17464437
Chr10	17496870	17496873
Chr10	17496870	17496873
Chr10	17892618	17892621
Chr10	17892618	17892621
Chr10	17898191	17898194
Chr10	17892618	17892621
Chr10	17892618	17892621
Chr10	17892618	17892621
Chr10	17918254	17918257
Chr10	18044216	18044219
Chr10	18044216	18044219
Chr10	18044216	18044219
Chr10	18044216	18044219
Chr10	18044216	18044219
Chr10	18044213	18044216
Chr10	18098726	18098729
Chr10	18119228	18119231
Chr10	18267561	18267564
Chr10	18268000	18268003
Chr10	18430452	18430455
Chr10	18430452	18430455
Chr10	18430452	18430455
Chr10	18430452	18430455
Chr10	18430452	18430455
Chr10	18430452	18430455
Chr10	18582482	18582485
Chr10	18685616	18685619
Chr10	18731332	18731335
Chr10	18732580	18732583
Chr10	18765102	18765105
Chr10	18764728	18764731
Chr10	18765102	18765105
Chr10	19041647	19041650
Chr10	20153187	20153190
Chr10	20159255	20159258
Chr10	20330915	20330918
Chr10	20713645	20713648
Chr10	21163117	21163120
Chr10	21163117	21163120
Chr10	21163117	21163120
Chr10	21361205	21361208
Chr10	21361208	21361211
Chr10	21361205	21361208
Chr10	21581951	21581954
Chr10	21849907	21849910
Chr10	21849907	21849910
Chr10	21849907	21849910
Chr10	21849907	21849910
Chr10	21923711	21923714
Chr10	21923711	21923714
Chr10	21933358	21933361
Chr10	21923711	21923714
Chr10	21923711	21923714
Chr10	21923711	21923714
Chr10	22142463	22142466
Chr10	22180693	22180696
Chr10	22180693	22180696
Chr10	22180693	22180696
Chr10	22180693	22180696
Chr10	22208767	22208770
Chr10	22456938	22456941
Chr10	22510406	22510409
Chr10	22510406	22510409
Chr10	22510406	22510409
Chr10	22578378	22578381
Chr10	22578378	22578381
Chr10	22578378	22578381
Chr10	22633307	22633310
Chr10	22676657	22676660
Chr10	22750168	22750171
Chr10	22780664	22780667
Chr10	22833658	22833661
Chr11	617174	617177
Chr11	617174	617177
Chr11	617177	617180
Chr11	617174	617177
Chr11	617174	617177
Chr11	714789	714792
Chr11	715261	715264
Chr11	714488	714491
Chr11	714789	714792
Chr11	714407	714410
Chr11	714488	714491
Chr11	714789	714792
Chr11	714789	714792
Chr11	901465	901468
Chr11	902647	902650
Chr11	966068	966071
Chr11	1133027	1133030
Chr11	1533284	1533287
Chr11	1806984	1806987
Chr11	1807319	1807322
Chr11	1807318	1807322
Chr11	1807322	1807325
Chr11	1807319	1807322
Chr11	1929910	1929913
Chr11	2166942	2166945
Chr11	2192350	2192353
Chr11	2192350	2192353
Chr11	2192350	2192353
Chr11	2446250	2446253
Chr11	2446250	2446253
Chr11	2446250	2446253
Chr11	2446250	2446253
Chr11	2446250	2446253
Chr11	2479825	2479828
Chr11	2492870	2492873
Chr11	2492870	2492873
Chr11	2492870	2492873
Chr11	2492870	2492873
Chr11	2582224	2582227
Chr11	2591538	2591541
Chr11	2883124	2883127
Chr11	2880278	2880281
Chr11	2880275	2880278
Chr11	2880275	2880278
Chr11	2880275	2880278
Chr11	3424107	3424110
Chr11	3763340	3763343
Chr11	3763337	3763340
Chr11	3763337	3763340
Chr11	3763340	3763343
Chr11	3763337	3763340
Chr11	3845770	3845773
Chr11	3845770	3845773
Chr11	3845773	3845776
Chr11	3845770	3845773
Chr11	3851784	3851787
Chr11	3851784	3851787
Chr11	3851784	3851787
Chr11	3925598	3925601
Chr11	4179068	4179071
Chr11	4179065	4179068
Chr11	4179065	4179068
Chr11	4304943	4304946
Chr11	4304813	4304816
Chr11	4359385	4359388
Chr11	4500346	4500349
Chr11	4772252	4772255
Chr11	7473249	7473252
Chr11	7473249	7473252
Chr11	7473249	7473252
Chr11	7498905	7498908
Chr11	7503885	7503888
Chr11	7503885	7503888
Chr11	7503885	7503888
Chr11	7503885	7503888
Chr11	7503885	7503888
Chr11	7594413	7594416
Chr11	7590097	7590100
Chr11	7594413	7594416
Chr11	7594413	7594416
Chr11	7594413	7594416
Chr11	7891236	7891239
Chr11	8559327	8559330
Chr11	8913225	8913228
Chr11	8913228	8913231
Chr11	9562049	9562052
Chr11	9588696	9588699
Chr11	10091197	10091200
Chr11	10091197	10091200
Chr11	10311097	10311100
Chr11	10712511	10712514
Chr11	10797352	10797355
Chr11	10797352	10797355
Chr11	10797355	10797358
Chr11	10863128	10863131
Chr11	10863128	10863131
Chr11	10863128	10863131
Chr11	11033106	11033109
Chr11	11033106	11033109
Chr11	11033106	11033109
Chr11	11033106	11033109
Chr11	11101465	11101468
Chr11	11101465	11101468
Chr11	11101465	11101468
Chr11	11257529	11257532
Chr11	13743296	13743299
Chr11	13743296	13743299
Chr11	13743296	13743299
Chr11	13743296	13743299
Chr11	13931786	13931789
Chr11	14127230	14127233
Chr11	14298682	14298685
Chr11	14340124	14340127
Chr11	14340124	14340127
Chr11	14578664	14578667
Chr11	14578664	14578667
Chr11	15300441	15300444
Chr11	15300438	15300441
Chr11	15385199	15385202
Chr11	15385199	15385202
Chr11	15385199	15385202
Chr11	15385199	15385202
Chr11	15706631	15706634
Chr11	15846502	15846505
Chr11	15912660	15912663
Chr11	16100811	16100814
Chr11	16100808	16100811
Chr11	16100808	16100811
Chr11	16100808	16100811
Chr11	16100808	16100811
Chr11	16271748	16271751
Chr11	16397044	16397047
Chr11	16397044	16397047
Chr11	16397044	16397047
Chr11	16811327	16811330
Chr11	16811327	16811330
Chr11	16811327	16811330
Chr11	16811330	16811333
Chr11	16811327	16811330
Chr11	16894774	16894777
Chr11	16894771	16894774
Chr11	16894771	16894774
Chr11	17765687	17765690
Chr11	17867689	17867692
Chr11	17866690	17866693
Chr11	17866690	17866693
Chr11	17867689	17867692
Chr11	17866690	17866693
Chr11	17866690	17866693
Chr11	17866690	17866693
Chr11	17866690	17866693
Chr11	18041897	18041900
Chr11	18491843	18491846
Chr11	18491843	18491846
Chr11	18491843	18491846
Chr11	18789106	18789109
Chr11	19084256	19084259
Chr11	19084256	19084259
Chr11	19084256	19084259
Chr11	19084256	19084259
Chr11	19276958	19276961
Chr11	19532759	19532762
Chr11	19532762	19532765
Chr11	19532759	19532762
Chr11	19542125	19542128
Chr11	19555885	19555888
Chr11	19608180	19608183
Chr11	19939293	19939296
Chr11	19939293	19939296
Chr11	19939293	19939296
Chr11	19939293	19939296
Chr11	19939296	19939299
Chr11	19939020	19939023
Chr11	20490424	20490427
Chr11	20490424	20490427
Chr11	20490424	20490427
Chr11	20490424	20490427
Chr11	20490424	20490427
Chr11	20490424	20490427
Chr11	20490427	20490430
Chr11	20490424	20490427
Chr11	20716161	20716164
Chr11	21260198	21260201
Chr11	21459183	21459186
Chr11	21459183	21459186
Chr11	21459183	21459186
Chr11	21459183	21459186
Chr11	21459183	21459186
Chr11	21459186	21459189
Chr11	21459183	21459186
Chr11	21459183	21459186
Chr11	21856117	21856120
Chr11	22127912	22127915
Chr11	22474608	22474611
Chr11	22474611	22474614
Chr11	22474608	22474611
Chr11	22928061	22928064
Chr11	22938100	22938103
Chr11	22938097	22938100
Chr11	23609828	23609831
Chr11	23726586	23726589
Chr11	23735907	23735910
Chr11	24108199	24108202
Chr11	24682791	24682794
Chr11	24682791	24682794
Chr11	24682791	24682794
Chr11	24682791	24682794
Chr11	24682791	24682794
Chr11	24682791	24682794
Chr11	24682791	24682794
Chr11	25822229	25822232
Chr11	25822229	25822232
Chr11	25822232	25822235
Chr11	25822229	25822232
Chr11	25822232	25822235
Chr11	25822229	25822232
Chr11	25853389	25853392
Chr11	26077403	26077406
Chr11	26077403	26077406
Chr11	27446722	27446725
Chr11	28625681	28625684
Chr11	28697815	28697818
Chr11	28844365	28844368
Chr11	28913813	28913816
Chr11	28913810	28913813
Chr12	332028	332031
Chr12	336619	336622
Chr12	332028	332031
Chr12	332028	332031
Chr12	332028	332031
Chr12	332028	332031
Chr12	460952	460955
Chr12	794243	794246
Chr12	794243	794246
Chr12	794243	794246
Chr12	794243	794246
Chr12	794243	794246
Chr12	808838	808841
Chr12	843738	843741
Chr12	1358826	1358829
Chr12	2200780	2200783
Chr12	2200780	2200783
Chr12	2200777	2200780
Chr12	2200777	2200780
Chr12	2224377	2224380
Chr12	2224377	2224380
Chr12	2224377	2224380
Chr12	2224377	2224380
Chr12	2304263	2304266
Chr12	2900813	2900816
Chr12	3111293	3111296
Chr12	3373256	3373259
Chr12	3373256	3373259
Chr12	3373256	3373259
Chr12	3373256	3373259
Chr12	3600378	3600381
Chr12	3616589	3616592
Chr12	3616589	3616592
Chr12	3616589	3616592
Chr12	3616589	3616592
Chr12	3842549	3842552
Chr12	4097961	4097964
Chr12	4097961	4097964
Chr12	4097961	4097964
Chr12	4097961	4097964
Chr12	4109148	4109151
Chr12	4109145	4109148
Chr12	4109145	4109148
Chr12	4109145	4109148
Chr12	4578630	4578633
Chr12	4633370	4633373
Chr12	4965477	4965480
Chr12	4965477	4965480
Chr12	4965477	4965480
Chr12	5083129	5083132
Chr12	5545730	5545733
Chr12	5545730	5545733
Chr12	5545730	5545733
Chr12	5545730	5545733
Chr12	6625426	6625429
Chr12	6625426	6625429
Chr12	6625423	6625426
Chr12	6625423	6625426
Chr12	6672765	6672768
Chr12	7210156	7210159
Chr12	7210156	7210159
Chr12	7210156	7210159
Chr12	7653851	7653854
Chr12	7653854	7653857
Chr12	7653851	7653854
Chr12	7653851	7653854
Chr12	7715522	7715525
Chr12	8852563	8852566
Chr12	8852563	8852566
Chr12	9584026	9584029
Chr12	10612330	10612333
Chr12	10612330	10612333
Chr12	10822441	10822444
Chr12	10822438	10822441
Chr12	11098821	11098824
Chr12	11242375	11242378
Chr12	12862145	12862148
Chr12	12908125	12908128
Chr12	13602948	13602951
Chr12	14479864	14479867
Chr12	14693683	14693686
Chr12	14855930	14855933
Chr12	16032691	16032694
Chr12	16032691	16032694
Chr12	16032691	16032694
Chr12	16032691	16032694
Chr12	16032691	16032694
Chr12	16713197	16713200
Chr12	17529842	17529845
Chr12	17899918	17899921
Chr12	17899918	17899921
Chr12	18600177	18600180
Chr12	19177972	19177975
Chr12	19173267	19173270
Chr12	19177972	19177975
Chr12	19177972	19177975
Chr12	19591079	19591082
Chr12	20093255	20093258
Chr12	21009678	21009681
Chr12	21734373	21734376
Chr12	21751308	21751311
Chr12	21853660	21853663
Chr12	21943967	21943970
Chr12	22010343	22010346
Chr12	22016862	22016865
Chr12	22672022	22672025
Chr12	22672022	22672025
Chr12	22672022	22672025
Chr12	22672022	22672025
Chr12	23060354	23060357
Chr12	23060351	23060354
Chr12	23060351	23060354
Chr12	23060351	23060354
Chr12	23784567	23784570
Chr12	23784567	23784570
Chr12	23877485	23877488
Chr12	23877482	23877485
Chr12	23877482	23877485
Chr12	23877482	23877485
Chr12	23910254	23910257
Chr12	24471263	24471266
Chr12	24595102	24595105
Chr12	24595102	24595105
Chr12	24602234	24602237
Chr12	24595102	24595105
Chr12	24595105	24595108
Chr12	24622179	24622182
Chr12	24826141	24826144
Chr12	24878755	24878758
Chr12	24973858	24973861
Chr12	25413938	25413941
Chr12	25413938	25413941
Chr12	25413938	25413941
Chr12	25413941	25413944
Chr12	25476155	25476158
Chr12	25908105	25908108
Chr12	25930863	25930866
Chr12	26233492	26233495
Chr12	26261129	26261132
Chr12	26261132	26261135
Chr12	26261132	26261135
Chr12	26261129	26261132
Chr12	26260876	26260879
Chr12	26261129	26261132
Chr12	26627865	26627868
Chr12	26642869	26642872
Chr12	26642869	26642872
Chr12	26642869	26642872
Chr12	26642869	26642872
Chr12	26642872	26642875
Chr12	26656939	26656942
Chr12	26785964	26785967
Chr12	26785876	26785879
Chr12	26785876	26785879
Chr12	26789983	26789986
Chr12	27036150	27036153
Chr12	27108349	27108352
Chr2	223442	223445
Chr2	223439	223442
Chr2	223439	223442
Chr2	458589	458592
Chr2	458589	458592
Chr2	458589	458592
Chr2	458589	458592
Chr2	458589	458592
Chr2	539694	539697
Chr2	913612	913615
Chr2	913612	913615
Chr2	913612	913615
Chr2	912063	912066
Chr2	1115552	1115555
Chr2	1161810	1161813
Chr2	1161810	1161813
Chr2	1161810	1161813
Chr2	1161810	1161813
Chr2	1442477	1442480
Chr2	1493778	1493781
Chr2	1558387	1558390
Chr2	1583546	1583549
Chr2	1583546	1583549
Chr2	1582667	1582670
Chr2	1583546	1583549
Chr2	1591373	1591376
Chr2	1656531	1656534
Chr2	2025375	2025378
Chr2	2025375	2025378
Chr2	2025378	2025381
Chr2	2025375	2025378
Chr2	2144409	2144412
Chr2	3475610	3475613
Chr2	3502593	3502596
Chr2	3502593	3502596
Chr2	3502593	3502596
Chr2	3502596	3502599
Chr2	3502593	3502596
Chr2	3502593	3502596
Chr2	3502593	3502596
Chr2	3502593	3502596
Chr2	3557086	3557089
Chr2	3639033	3639036
Chr2	3639030	3639033
Chr2	3639030	3639033
Chr2	4012489	4012492
Chr2	4253032	4253035
Chr2	4314534	4314537
Chr2	4314534	4314537
Chr2	4314534	4314537
Chr2	4314534	4314537
Chr2	4368693	4368696
Chr2	4383231	4383234
Chr2	4494434	4494437
Chr2	4595622	4595625
Chr2	4699554	4699557
Chr2	4699554	4699557
Chr2	4699554	4699557
Chr2	4699554	4699557
Chr2	4699554	4699557
Chr2	4999904	4999907
Chr2	4999904	4999907
Chr2	4999904	4999907
Chr2	4999904	4999907
Chr2	5033283	5033286
Chr2	5268649	5268652
Chr2	5309147	5309150
Chr2	5320589	5320592
Chr2	5501011	5501014
Chr2	5545954	5545957
Chr2	5635542	5635545
Chr2	5857963	5857966
Chr2	5857963	5857966
Chr2	5857963	5857966
Chr2	5856377	5856380
Chr2	5856419	5856422
Chr2	6007526	6007529
Chr2	6544712	6544715
Chr2	7113419	7113422
Chr2	7113422	7113425
Chr2	7113419	7113422
Chr2	7113419	7113422
Chr2	7113419	7113422
Chr2	7346135	7346138
Chr2	7346135	7346138
Chr2	7346135	7346138
Chr2	7346135	7346138
Chr2	7346135	7346138
Chr2	7346135	7346138
Chr2	7460592	7460595
Chr2	7460592	7460595
Chr2	7460592	7460595
Chr2	7460595	7460598
Chr2	7460592	7460595
Chr2	8187916	8187919
Chr2	8187916	8187919
Chr2	8187916	8187919
Chr2	8187916	8187919
Chr2	8187916	8187919
Chr2	8795393	8795396
Chr2	8898162	8898165
Chr2	8898162	8898165
Chr2	8898159	8898162
Chr2	8898162	8898165
Chr2	8898159	8898162
Chr2	8898162	8898165
Chr2	8928925	8928928
Chr2	9025179	9025182
Chr2	9418872	9418875
Chr2	9418869	9418872
Chr2	9418869	9418872
Chr2	9418869	9418872
Chr2	9418869	9418872
Chr2	9438879	9438882
Chr2	9438879	9438882
Chr2	9640963	9640966
Chr2	10062829	10062832
Chr2	10202907	10202910
Chr2	10202907	10202910
Chr2	10202907	10202910
Chr2	10202910	10202913
Chr2	11041881	11041884
Chr2	11041881	11041884
Chr2	11041881	11041884
Chr2	11041881	11041884
Chr2	11421722	11421725
Chr2	12151564	12151567
Chr2	12298995	12298998
Chr2	12298995	12298998
Chr2	12298998	12299001
Chr2	12298995	12298998
Chr2	12298998	12299001
Chr2	12467702	12467705
Chr2	12467699	12467702
Chr2	12467699	12467702
Chr2	12469663	12469666
Chr2	12787872	12787875
Chr2	12846346	12846349
Chr2	13021551	13021554
Chr2	13038267	13038270
Chr2	13200713	13200716
Chr2	13200713	13200716
Chr2	13200713	13200716
Chr2	13403984	13403987
Chr2	13403984	13403987
Chr2	13403987	13403990
Chr2	14120340	14120343
Chr2	14601855	14601858
Chr2	14601852	14601855
Chr2	14601852	14601855
Chr2	15361022	15361025
Chr2	15520985	15520988
Chr2	15727561	15727564
Chr2	15727561	15727564
Chr2	15728852	15728855
Chr2	16222087	16222090
Chr2	16222087	16222090
Chr2	16222087	16222090
Chr2	16222087	16222090
Chr2	16222087	16222090
Chr2	16222087	16222090
Chr2	16367207	16367210
Chr2	16680149	16680152
Chr2	16748399	16748402
Chr2	16986965	16986968
Chr2	16986965	16986968
Chr2	16986968	16986971
Chr2	16986965	16986968
Chr2	16986965	16986968
Chr2	16986965	16986968
Chr2	17005320	17005323
Chr2	17969908	17969911
Chr2	17969908	17969911
Chr2	17969908	17969911
Chr2	18440544	18440547
Chr2	18458308	18458311
Chr2	18458308	18458311
Chr2	18458308	18458311
Chr2	18458311	18458314
Chr2	18569682	18569685
Chr2	18569682	18569685
Chr2	18569682	18569685
Chr2	18621511	18621514
Chr2	18621511	18621514
Chr2	18621511	18621514
Chr2	18992357	18992360
Chr2	19204910	19204913
Chr2	19270838	19270841
Chr2	19341459	19341462
Chr2	19341459	19341462
Chr2	19341459	19341462
Chr2	19487222	19487225
Chr2	19487219	19487222
Chr2	19487219	19487222
Chr2	19726702	19726705
Chr2	19968187	19968190
Chr2	19968187	19968190
Chr2	20000329	20000332
Chr2	20000326	20000329
Chr2	20000329	20000332
Chr2	20144822	20144825
Chr2	20144822	20144825
Chr2	20144822	20144825
Chr2	20589716	20589719
Chr2	20589716	20589719
Chr2	20589716	20589719
Chr2	20605900	20605903
Chr2	20621591	20621594
Chr2	20722278	20722281
Chr2	20722278	20722281
Chr2	20722278	20722281
Chr2	21001167	21001170
Chr2	21001167	21001170
Chr2	21001167	21001170
Chr2	21001167	21001170
Chr2	21443359	21443362
Chr2	21443359	21443362
Chr2	21443359	21443362
Chr2	21515952	21515955
Chr2	21515952	21515955
Chr2	21515952	21515955
Chr2	21515955	21515958
Chr2	21515952	21515955
Chr2	22013098	22013101
Chr2	22270894	22270897
Chr2	22270894	22270897
Chr2	22270894	22270897
Chr2	22270894	22270897
Chr2	22316501	22316504
Chr2	22478976	22478979
Chr2	22478976	22478979
Chr2	22478976	22478979
Chr2	22478976	22478979
Chr2	22478976	22478979
Chr2	22515554	22515557
Chr2	22547038	22547041
Chr2	22547038	22547041
Chr2	22621728	22621731
Chr2	22818922	22818925
Chr2	23264457	23264460
Chr2	23518177	23518180
Chr2	23882556	23882559
Chr2	23882556	23882559
Chr2	23882556	23882559
Chr2	24014617	24014620
Chr2	24014617	24014620
Chr2	24014617	24014620
Chr2	24014617	24014620
Chr2	24059154	24059157
Chr2	24215955	24215958
Chr2	24215955	24215958
Chr2	24215958	24215961
Chr2	24215955	24215958
Chr2	24215955	24215958
Chr2	24678984	24678987
Chr2	25133413	25133416
Chr2	25397924	25397927
Chr2	25529868	25529871
Chr2	25548874	25548877
Chr2	25548874	25548877
Chr2	25548874	25548877
Chr2	25548874	25548877
Chr2	25776188	25776191
Chr2	25852198	25852201
Chr2	25969391	25969394
Chr2	25969391	25969394
Chr2	25969391	25969394
Chr2	25969391	25969394
Chr2	26120919	26120922
Chr2	26510357	26510360
Chr2	26510354	26510357
Chr2	26510354	26510357
Chr2	26510354	26510357
Chr2	26584939	26584942
Chr2	26644793	26644796
Chr2	26654927	26654930
Chr2	26678339	26678342
Chr2	26678342	26678345
Chr2	26678339	26678342
Chr2	26678339	26678342
Chr2	26790988	26790991
Chr2	26832636	26832639
Chr2	26927408	26927411
Chr2	27148059	27148062
Chr2	27144972	27144975
Chr2	27148056	27148059
Chr2	27148059	27148062
Chr2	27148056	27148059
Chr2	27201254	27201257
Chr2	27201254	27201257
Chr2	27201254	27201257
Chr2	27244609	27244612
Chr2	27244609	27244612
Chr2	27244609	27244612
Chr2	27244609	27244612
Chr2	27345426	27345429
Chr2	27685184	27685187
Chr2	27685184	27685187
Chr2	27685184	27685187
Chr2	28166074	28166077
Chr2	28329975	28329978
Chr2	28329975	28329978
Chr2	28329975	28329978
Chr2	28329975	28329978
Chr2	28376799	28376802
Chr2	28376796	28376799
Chr2	28376799	28376802
Chr2	28376799	28376802
Chr2	28430657	28430660
Chr2	28522431	28522434
Chr2	28633939	28633942
Chr2	28633939	28633942
Chr2	28638356	28638359
Chr2	28637898	28637901
Chr2	28633939	28633942
Chr2	28662451	28662454
Chr2	28662451	28662454
Chr2	28662451	28662454
Chr2	28724475	28724478
Chr2	28724475	28724478
Chr2	28724475	28724478
Chr2	28732622	28732625
Chr2	28732622	28732625
Chr2	28732622	28732625
Chr2	28871938	28871941
Chr2	28948533	28948536
Chr2	28948533	28948536
Chr2	28948533	28948536
Chr2	28948533	28948536
Chr2	28948533	28948536
Chr2	29213871	29213874
Chr2	29419163	29419166
Chr2	29429218	29429221
Chr2	29429218	29429221
Chr2	29429218	29429221
Chr2	29436152	29436155
Chr2	29495684	29495687
Chr2	29547914	29547917
Chr2	29547914	29547917
Chr2	29547914	29547917
Chr2	29576702	29576705
Chr2	29576699	29576702
Chr2	29576702	29576705
Chr2	30104999	30105002
Chr2	30104996	30104999
Chr2	30104996	30104999
Chr2	30162442	30162445
Chr2	30219031	30219034
Chr2	30308030	30308033
Chr2	30375297	30375300
Chr2	30375300	30375303
Chr2	30375300	30375303
Chr2	30375297	30375300
Chr2	30427537	30427540
Chr2	30593385	30593388
Chr2	30902244	30902247
Chr2	30902244	30902247
Chr2	30902244	30902247
Chr2	30902244	30902247
Chr2	30934394	30934397
Chr2	30934394	30934397
Chr2	30934394	30934397
Chr2	30934397	30934400
Chr2	31053561	31053564
Chr2	31053564	31053567
Chr2	31053561	31053564
Chr2	31053561	31053564
Chr2	31158661	31158664
Chr2	31224423	31224426
Chr2	31421584	31421587
Chr2	31455300	31455303
Chr2	31455300	31455303
Chr2	31455300	31455303
Chr2	31455300	31455303
Chr2	31636376	31636379
Chr2	31636376	31636379
Chr2	31636376	31636379
Chr2	31636376	31636379
Chr2	31668465	31668468
Chr2	31670396	31670399
Chr2	31670396	31670399
Chr2	31670396	31670399
Chr2	31702279	31702282
Chr2	31702279	31702282
Chr2	31702279	31702282
Chr2	31702279	31702282
Chr2	31805778	31805781
Chr2	31815723	31815726
Chr2	31849506	31849509
Chr2	31849506	31849509
Chr2	31849506	31849509
Chr2	31849506	31849509
Chr2	32006180	32006183
Chr2	32397176	32397179
Chr2	32397173	32397176
Chr2	32397173	32397176
Chr2	32397173	32397176
Chr2	32432992	32432995
Chr2	32432995	32432998
Chr2	32432992	32432995
Chr2	32487715	32487718
Chr2	32572257	32572260
Chr2	32572257	32572260
Chr2	32572257	32572260
Chr2	32572257	32572260
Chr2	32678686	32678689
Chr2	32675541	32675544
Chr2	32678686	32678689
Chr2	32678686	32678689
Chr2	32678689	32678692
Chr2	32872129	32872132
Chr2	32895943	32895946
Chr2	32895943	32895946
Chr2	32895943	32895946
Chr2	32895946	32895949
Chr2	33187794	33187797
Chr2	33500957	33500960
Chr2	33678170	33678173
Chr2	33871068	33871071
Chr2	33871068	33871071
Chr2	33871068	33871071
Chr2	33871068	33871071
Chr2	33884289	33884292
Chr2	33884289	33884292
Chr2	33884292	33884295
Chr2	33884289	33884292
Chr2	33952268	33952271
Chr2	34446591	34446594
Chr2	34576206	34576209
Chr2	34576206	34576209
Chr2	34576206	34576209
Chr2	34576206	34576209
Chr2	34670529	34670532
Chr2	34670529	34670532
Chr2	34670529	34670532
Chr2	34670529	34670532
Chr2	35225799	35225802
Chr2	35238925	35238928
Chr2	35238925	35238928
Chr2	35238925	35238928
Chr2	35238925	35238928
Chr2	35238925	35238928
Chr2	35251100	35251103
Chr2	35314595	35314598
Chr2	35391037	35391040
Chr2	35548679	35548682
Chr2	35712070	35712073
Chr2	35712070	35712073
Chr2	35712070	35712073
Chr2	35712070	35712073
Chr2	35712070	35712073
Chr3	180225	180228
Chr3	180225	180228
Chr3	180222	180225
Chr3	180222	180225
Chr3	180222	180225
Chr3	198571	198574
Chr3	198574	198577
Chr3	198571	198574
Chr3	202152	202155
Chr3	198571	198574
Chr3	198571	198574
Chr3	198571	198574
Chr3	198571	198574
Chr3	399057	399060
Chr3	398792	398795
Chr3	399054	399057
Chr3	399054	399057
Chr3	399054	399057
Chr3	399054	399057
Chr3	399054	399057
Chr3	399054	399057
Chr3	440200	440203
Chr3	440200	440203
Chr3	982230	982233
Chr3	982230	982233
Chr3	982230	982233
Chr3	982230	982233
Chr3	982230	982233
Chr3	1247287	1247290
Chr3	1246188	1246191
Chr3	1246188	1246191
Chr3	1247287	1247290
Chr3	1247287	1247290
Chr3	1247287	1247290
Chr3	1247287	1247290
Chr3	1247287	1247290
Chr3	1426792	1426795
Chr3	1443018	1443021
Chr3	1453239	1453242
Chr3	1701778	1701781
Chr3	1782927	1782930
Chr3	1782927	1782930
Chr3	1782927	1782930
Chr3	1782927	1782930
Chr3	1782927	1782930
Chr3	1840661	1840664
Chr3	1840658	1840661
Chr3	1840658	1840661
Chr3	2078275	2078278
Chr3	2079804	2079807
Chr3	2095851	2095854
Chr3	2675911	2675914
Chr3	2675911	2675914
Chr3	2675911	2675914
Chr3	2675911	2675914
Chr3	2688323	2688326
Chr3	2737673	2737676
Chr3	2737673	2737676
Chr3	2737673	2737676
Chr3	2737673	2737676
Chr3	2774225	2774228
Chr3	2830201	2830204
Chr3	2830198	2830201
Chr3	2830198	2830201
Chr3	2830198	2830201
Chr3	2830198	2830201
Chr3	3390556	3390559
Chr3	3390556	3390559
Chr3	3390556	3390559
Chr3	3390556	3390559
Chr3	3399908	3399911
Chr3	3469627	3469630
Chr3	3469627	3469630
Chr3	3469624	3469627
Chr3	3623526	3623529
Chr3	3623526	3623529
Chr3	3623526	3623529
Chr3	3623526	3623529
Chr3	3734262	3734265
Chr3	3804369	3804372
Chr3	3804369	3804372
Chr3	3804372	3804375
Chr3	3804369	3804372
Chr3	3826874	3826877
Chr3	3829094	3829097
Chr3	3872633	3872636
Chr3	3872633	3872642
Chr3	3872633	3872642
Chr3	3872633	3872636
Chr3	3967953	3967956
Chr3	4256886	4256889
Chr3	4256943	4256946
Chr3	4377251	4377254
Chr3	4377251	4377254
Chr3	4377251	4377254
Chr3	4377251	4377254
Chr3	4396699	4396702
Chr3	4397035	4397038
Chr3	4669156	4669159
Chr3	4681956	4681959
Chr3	4681956	4681959
Chr3	4681956	4681959
Chr3	4681956	4681959
Chr3	4742473	4742476
Chr3	4750879	4750882
Chr3	5367357	5367360
Chr3	5584689	5584692
Chr3	5699256	5699259
Chr3	5907615	5907618
Chr3	5905107	5905110
Chr3	6105315	6105318
Chr3	6155611	6155614
Chr3	6155850	6155853
Chr3	6441698	6441701
Chr3	6441698	6441701
Chr3	6441698	6441701
Chr3	6439710	6439713
Chr3	6441698	6441701
Chr3	6441698	6441701
Chr3	6512008	6512011
Chr3	6512008	6512011
Chr3	6512008	6512011
Chr3	6512008	6512011
Chr3	6730657	6730660
Chr3	6775497	6775500
Chr3	7296366	7296369
Chr3	7296366	7296369
Chr3	7296366	7296369
Chr3	7296366	7296369
Chr3	7296366	7296369
Chr3	7296366	7296369
Chr3	7688961	7688964
Chr3	7739000	7739003
Chr3	8457817	8457820
Chr3	8457820	8457823
Chr3	8458040	8458043
Chr3	8457817	8457820
Chr3	8457817	8457820
Chr3	8457817	8457820
Chr3	8457817	8457820
Chr3	8508681	8508684
Chr3	9162953	9162956
Chr3	9162953	9162956
Chr3	9162953	9162956
Chr3	9162953	9162956
Chr3	9162953	9162956
Chr3	9162953	9162956
Chr3	9240545	9240548
Chr3	9247073	9247076
Chr3	9341483	9341486
Chr3	9358950	9358953
Chr3	9527855	9527858
Chr3	9586683	9586686
Chr3	9827833	9827836
Chr3	9946170	9946173
Chr3	9946170	9946173
Chr3	10593110	10593113
Chr3	10593110	10593113
Chr3	10593110	10593113
Chr3	10593110	10593113
Chr3	10593110	10593113
Chr3	10593110	10593113
Chr3	10676838	10676841
Chr3	10676838	10676841
Chr3	10990368	10990371
Chr3	10990368	10990371
Chr3	10990371	10990374
Chr3	10990368	10990371
Chr3	10990368	10990371
Chr3	10990368	10990371
Chr3	11015127	11015130
Chr3	11015127	11015130
Chr3	11015127	11015130
Chr3	11015127	11015130
Chr3	11015127	11015130
Chr3	11015127	11015130
Chr3	11059294	11059297
Chr3	11094809	11094812
Chr3	11102321	11102324
Chr3	11102321	11102324
Chr3	11102321	11102324
Chr3	11102321	11102324
Chr3	11102321	11102324
Chr3	11102321	11102324
Chr3	11129024	11129027
Chr3	11221384	11221387
Chr3	11281617	11281620
Chr3	11281617	11281620
Chr3	11329079	11329082
Chr3	11329079	11329082
Chr3	11329079	11329082
Chr3	11329079	11329082
Chr3	11329079	11329082
Chr3	11356058	11356061
Chr3	11366879	11366882
Chr3	11377172	11377175
Chr3	11572007	11572010
Chr3	11616933	11616936
Chr3	11724933	11724936
Chr3	11723606	11723609
Chr3	11781495	11781498
Chr3	11781492	11781495
Chr3	11781492	11781495
Chr3	11781495	11781498
Chr3	11781492	11781495
Chr3	11781492	11781495
Chr3	11849603	11849606
Chr3	11865133	11865136
Chr3	11922192	11922195
Chr3	11922189	11922192
Chr3	11922189	11922192
Chr3	11922189	11922192
Chr3	11922189	11922192
Chr3	11922189	11922192
Chr3	11961411	11961414
Chr3	12036119	12036122
Chr3	12036119	12036122
Chr3	12036119	12036122
Chr3	12036119	12036122
Chr3	12036119	12036122
Chr3	12036119	12036122
Chr3	12067612	12067615
Chr3	12067612	12067615
Chr3	12067612	12067615
Chr3	12067612	12067615
Chr3	12067612	12067615
Chr3	12158053	12158056
Chr3	12158053	12158056
Chr3	12409839	12409842
Chr3	12409836	12409839
Chr3	12409836	12409839
Chr3	12409836	12409839
Chr3	12409836	12409839
Chr3	12409836	12409839
Chr3	12904743	12904746
Chr3	13027115	13027118
Chr3	13027115	13027118
Chr3	13027115	13027118
Chr3	13027115	13027118
Chr3	13027118	13027121
Chr3	13172075	13172078
Chr3	13172075	13172078
Chr3	13172075	13172078
Chr3	13172075	13172078
Chr3	13281743	13281746
Chr3	13281743	13281746
Chr3	13319068	13319071
Chr3	13319068	13319071
Chr3	13319068	13319071
Chr3	13319071	13319074
Chr3	13319222	13319225
Chr3	13683981	13683984
Chr3	13683978	13683981
Chr3	13683981	13683984
Chr3	13683978	13683981
Chr3	13699244	13699247
Chr3	14294449	14294452
Chr3	14548544	14548547
Chr3	14597026	14597029
Chr3	14597026	14597029
Chr3	14597026	14597029
Chr3	14597026	14597029
Chr3	14597026	14597029
Chr3	14620264	14620267
Chr3	14618742	14618745
Chr3	14625279	14625282
Chr3	14620264	14620267
Chr3	15366308	15366311
Chr3	15603450	15603453
Chr3	15603450	15603453
Chr3	15603450	15603453
Chr3	15603450	15603453
Chr3	15603450	15603453
Chr3	15698485	15698488
Chr3	15698485	15698488
Chr3	15698488	15698491
Chr3	15698485	15698488
Chr3	16222139	16222142
Chr3	16222142	16222145
Chr3	16222139	16222142
Chr3	16222139	16222142
Chr3	16222139	16222142
Chr3	16311226	16311229
Chr3	16311181	16311184
Chr3	16625083	16625086
Chr3	16734084	16734087
Chr3	17195959	17195962
Chr3	17195962	17195965
Chr3	17195959	17195962
Chr3	17195959	17195962
Chr3	17195962	17195965
Chr3	17267495	17267498
Chr3	17267495	17267498
Chr3	17267495	17267498
Chr3	17269649	17269652
Chr3	17269652	17269655
Chr3	17269649	17269652
Chr3	17338127	17338130
Chr3	17642393	17642396
Chr3	17642390	17642393
Chr3	17642390	17642393
Chr3	17642390	17642393
Chr3	17642393	17642396
Chr3	18043769	18043772
Chr3	18117564	18117567
Chr3	18117564	18117567
Chr3	18117567	18117570
Chr3	18117564	18117567
Chr3	18768076	18768079
Chr3	19174820	19174823
Chr3	21025380	21025383
Chr3	21188432	21188435
Chr3	21188432	21188435
Chr3	21188432	21188435
Chr3	21188432	21188435
Chr3	21188432	21188435
Chr3	21751838	21751841
Chr3	22164168	22164171
Chr3	22164168	22164171
Chr3	22164168	22164171
Chr3	22164168	22164171
Chr3	22164168	22164171
Chr3	22232828	22232831
Chr3	22532979	22532982
Chr3	22679706	22679709
Chr3	22701630	22701633
Chr3	22701630	22701633
Chr3	22701630	22701633
Chr3	22701630	22701633
Chr3	22701630	22701633
Chr3	22807130	22807133
Chr3	23036006	23036009
Chr3	23071793	23071796
Chr3	23835953	23835956
Chr3	23970340	23970343
Chr3	24225787	24225790
Chr3	24436163	24436166
Chr3	24436166	24436169
Chr3	24436163	24436166
Chr3	24436166	24436169
Chr3	24436163	24436166
Chr3	24436163	24436166
Chr3	24591270	24591273
Chr3	24690333	24690336
Chr3	24690336	24690339
Chr3	24690333	24690336
Chr3	24690333	24690336
Chr3	24690333	24690336
Chr3	24706728	24706731
Chr3	24753654	24753657
Chr3	24753654	24753657
Chr3	24753651	24753654
Chr3	24855528	24855531
Chr3	24855528	24855531
Chr3	24855528	24855531
Chr3	24855528	24855531
Chr3	24917962	24917965
Chr3	24919851	24919854
Chr3	24920216	24920219
Chr3	24920216	24920219
Chr3	24920216	24920219
Chr3	24920216	24920219
Chr3	24920216	24920219
Chr3	24969221	24969224
Chr3	25060710	25060713
Chr3	25133835	25133838
Chr3	25650645	25650648
Chr3	26028788	26028791
Chr3	26028788	26028791
Chr3	26028785	26028788
Chr3	26467326	26467329
Chr3	26753247	26753250
Chr3	26753250	26753253
Chr3	26753250	26753253
Chr3	26753247	26753250
Chr3	26867109	26867112
Chr3	27342532	27342535
Chr3	27565012	27565015
Chr3	27723648	27723651
Chr3	27890181	27890184
Chr3	28019799	28019802
Chr3	28019799	28019802
Chr3	28019802	28019805
Chr3	28088458	28088461
Chr3	28088458	28088461
Chr3	28088458	28088461
Chr3	28088458	28088461
Chr3	28268373	28268376
Chr3	28365659	28365662
Chr3	28366832	28366835
Chr3	28365656	28365659
Chr3	28365656	28365659
Chr3	28365656	28365659
Chr3	28470308	28470311
Chr3	28470311	28470314
Chr3	28470308	28470311
Chr3	28470308	28470311
Chr3	28490253	28490256
Chr3	28519793	28519796
Chr3	28519793	28519796
Chr3	28519793	28519796
Chr3	28519793	28519796
Chr3	29084767	29084770
Chr3	29198086	29198089
Chr3	29218955	29218958
Chr3	29404900	29404903
Chr3	29404857	29404860
Chr3	29404900	29404903
Chr3	29404857	29404860
Chr3	29404900	29404903
Chr3	29419454	29419457
Chr3	29574402	29574405
Chr3	29574402	29574405
Chr3	29656276	29656279
Chr3	29834343	29834346
Chr3	29985234	29985237
Chr3	30058248	30058251
Chr3	30058248	30058251
Chr3	30058248	30058251
Chr3	30058248	30058251
Chr3	30056317	30056320
Chr3	30066269	30066272
Chr3	30355645	30355648
Chr3	30613089	30613092
Chr3	30613092	30613095
Chr3	30613089	30613092
Chr3	30613089	30613092
Chr3	30784689	30784692
Chr3	30784686	30784689
Chr3	30784686	30784689
Chr3	30784689	30784692
Chr3	30784686	30784689
Chr3	30801514	30801517
Chr3	30966988	30966991
Chr3	31198552	31198555
Chr3	31358854	31358858
Chr3	31364756	31364759
Chr3	31364756	31364759
Chr3	31364756	31364759
Chr3	31364756	31364759
Chr3	31364759	31364762
Chr3	31475500	31475503
Chr3	31662046	31662049
Chr3	31662046	31662049
Chr3	31662046	31662049
Chr3	31662046	31662049
Chr3	31658856	31658859
Chr3	31662046	31662049
Chr3	31749198	31749201
Chr3	31831567	31831570
Chr3	31830880	31830883
Chr3	31848096	31848099
Chr3	31848096	31848099
Chr3	31848096	31848099
Chr3	31851811	31851814
Chr3	31901881	31901884
Chr3	31900824	31900827
Chr3	31935816	31935819
Chr3	31935839	31935842
Chr3	32077165	32077168
Chr3	32074508	32074511
Chr3	32577015	32577018
Chr3	32923409	32923412
Chr3	32923406	32923409
Chr3	32923406	32923409
Chr3	32923409	32923412
Chr3	32936991	32936994
Chr3	33130124	33130127
Chr3	33130127	33130130
Chr3	33130124	33130127
Chr3	33130124	33130127
Chr3	33129203	33129206
Chr3	33230431	33230434
Chr3	33345952	33345955
Chr3	33345952	33345955
Chr3	33345952	33345955
Chr3	33345952	33345955
Chr3	34110949	34110952
Chr3	34110946	34110949
Chr3	34257579	34257582
Chr3	34294950	34294953
Chr3	34424157	34424160
Chr3	34459499	34459502
Chr3	34459499	34459502
Chr3	34459323	34459326
Chr3	34459499	34459502
Chr3	34459502	34459505
Chr3	34459502	34459505
Chr3	34520796	34520799
Chr3	34570540	34570543
Chr3	34570540	34570543
Chr3	34570540	34570543
Chr3	34570540	34570543
Chr3	34592405	34592408
Chr3	34602102	34602105
Chr3	34602102	34602105
Chr3	34602102	34602105
Chr3	34733061	34733064
Chr3	34780274	34780277
Chr3	34861534	34861537
Chr3	35001686	35001689
Chr3	35141440	35141443
Chr3	35141440	35141443
Chr3	35141440	35141443
Chr3	35141440	35141443
Chr3	35141440	35141443
Chr3	35176772	35176775
Chr3	35176772	35176775
Chr3	35176772	35176775
Chr3	35318315	35318318
Chr3	35894894	35894897
Chr3	35894894	35894897
Chr3	35945978	35945981
Chr3	35945978	35945981
Chr3	35945978	35945981
Chr3	36140437	36140440
Chr3	36241631	36241634
Chr4	171768	171771
Chr4	263571	263574
Chr4	1877632	1877635
Chr4	1877635	1877638
Chr4	1877632	1877635
Chr4	1877635	1877638
Chr4	1877632	1877635
Chr4	1877632	1877635
Chr4	1914395	1914398
Chr4	2030407	2030410
Chr4	2471260	2471263
Chr4	2471257	2471260
Chr4	2471257	2471260
Chr4	2471260	2471263
Chr4	2471257	2471260
Chr4	2471257	2471260
Chr4	4043211	4043214
Chr4	4473573	4473576
Chr4	4514396	4514399
Chr4	4767247	4767250
Chr4	5127639	5127642
Chr4	5158212	5158215
Chr4	5158212	5158215
Chr4	5314891	5314894
Chr4	5314614	5314617
Chr4	5775282	5775285
Chr4	9562247	9562250
Chr4	9562247	9562250
Chr4	9562247	9562250
Chr4	10621937	10621940
Chr4	11379279	11379282
Chr4	11589861	11589864
Chr4	11690712	11690715
Chr4	11690712	11690715
Chr4	11690712	11690715
Chr4	12669767	12669770
Chr4	12679020	12679023
Chr4	12679020	12679023
Chr4	12682219	12682222
Chr4	13471893	13471896
Chr4	13471893	13471896
Chr4	13471890	13471893
Chr4	13471893	13471896
Chr4	13471890	13471893
Chr4	13471893	13471896
Chr4	14006531	14006534
Chr4	14006528	14006531
Chr4	14732635	14732638
Chr4	15070774	15070777
Chr4	15070774	15070777
Chr4	15070774	15070777
Chr4	15070774	15070777
Chr4	15070774	15070777
Chr4	15070774	15070777
Chr4	16079450	16079453
Chr4	16791823	16791826
Chr4	18114737	18114740
Chr4	18566523	18566526
Chr4	18566523	18566526
Chr4	18566523	18566526
Chr4	18566523	18566526
Chr4	18566523	18566526
Chr4	18718159	18718162
Chr4	18718159	18718162
Chr4	18718159	18718162
Chr4	18786202	18786205
Chr4	18821474	18821477
Chr4	18966180	18966183
Chr4	19188395	19188398
Chr4	19188246	19188249
Chr4	19275549	19275552
Chr4	19359151	19359154
Chr4	19359151	19359154
Chr4	19359151	19359154
Chr4	19359151	19359154
Chr4	19471781	19471784
Chr4	19471781	19471784
Chr4	19471781	19471784
Chr4	19471784	19471787
Chr4	19471781	19471784
Chr4	19471781	19471784
Chr4	19623487	19623490
Chr4	19870843	19870846
Chr4	19999251	19999254
Chr4	19999251	19999254
Chr4	19999251	19999254
Chr4	19999251	19999254
Chr4	20122524	20122527
Chr4	20158294	20158297
Chr4	20271312	20271315
Chr4	20300024	20300027
Chr4	20300401	20300404
Chr4	20660225	20660228
Chr4	20693709	20693712
Chr4	20906353	20906356
Chr4	20906353	20906356
Chr4	20906353	20906356
Chr4	20906353	20906356
Chr4	21249875	21249878
Chr4	21249875	21249878
Chr4	21249875	21249878
Chr4	21371854	21371857
Chr4	21408124	21408127
Chr4	21408124	21408127
Chr4	21408124	21408127
Chr4	21408124	21408127
Chr4	21458433	21458436
Chr4	21529049	21529052
Chr4	21673100	21673103
Chr4	21673100	21673103
Chr4	21673100	21673103
Chr4	21673100	21673103
Chr4	21998763	21998766
Chr4	21998763	21998766
Chr4	21998763	21998766
Chr4	22000543	22000546
Chr4	21998763	21998766
Chr4	21998763	21998766
Chr4	22037903	22037906
Chr4	22039848	22039851
Chr4	22295243	22295246
Chr4	22423569	22423572
Chr4	22513183	22513186
Chr4	22636683	22636686
Chr4	22877989	22877992
Chr4	22924801	22924804
Chr4	23199002	23199005
Chr4	23198999	23199002
Chr4	23198999	23199002
Chr4	23198999	23199002
Chr4	23198999	23199002
Chr4	23235334	23235337
Chr4	23338293	23338296
Chr4	23338729	23338732
Chr4	23439375	23439378
Chr4	23439375	23439378
Chr4	23439378	23439381
Chr4	23439375	23439378
Chr4	23439375	23439378
Chr4	23551668	23551671
Chr4	23571129	23571132
Chr4	23571129	23571132
Chr4	23571129	23571132
Chr4	23571129	23571132
Chr4	23571129	23571132
Chr4	23571129	23571132
Chr4	23625773	23625776
Chr4	23734495	23734498
Chr4	24285199	24285202
Chr4	24412444	24412447
Chr4	24760829	24760832
Chr4	24904395	24904398
Chr4	24914056	24914059
Chr4	24925072	24925075
Chr4	24925072	24925075
Chr4	24925072	24925075
Chr4	25028693	25028696
Chr4	25028693	25028696
Chr4	25028693	25028696
Chr4	25029909	25029912
Chr4	25029909	25029912
Chr4	25028693	25028696
Chr4	25029909	25029912
Chr4	25029909	25029912
Chr4	25270439	25270442
Chr4	25274593	25274596
Chr4	26016656	26016659
Chr4	26016653	26016656
Chr4	26016653	26016656
Chr4	26020116	26020119
Chr4	26020116	26020119
Chr4	26020116	26020119
Chr4	26020116	26020119
Chr4	26175280	26175283
Chr4	26222793	26222796
Chr4	26226544	26226547
Chr4	26226547	26226550
Chr4	26226544	26226547
Chr4	26226575	26226578
Chr4	26226544	26226547
Chr4	26361893	26361896
Chr4	26395882	26395885
Chr4	26423865	26423868
Chr4	26423865	26423868
Chr4	26423865	26423868
Chr4	26536179	26536182
Chr4	26908702	26908705
Chr4	26970052	26970055
Chr4	26982347	26982350
Chr4	26982347	26982350
Chr4	26982347	26982350
Chr4	26982347	26982350
Chr4	26998134	26998137
Chr4	27011584	27011587
Chr4	27011581	27011584
Chr4	27011584	27011587
Chr4	27056953	27056956
Chr4	27056953	27056956
Chr4	27056953	27056956
Chr4	27129771	27129774
Chr4	27129771	27129774
Chr4	27129774	27129777
Chr4	27129771	27129774
Chr4	27475744	27475747
Chr4	27475744	27475747
Chr4	27475744	27475747
Chr4	27511879	27511882
Chr4	27514316	27514319
Chr4	27512487	27512490
Chr4	27543619	27543622
Chr4	27698175	27698178
Chr4	27756781	27756784
Chr4	27782487	27782490
Chr4	27782487	27782490
Chr4	27782487	27782490
Chr4	27782487	27782490
Chr4	28057249	28057252
Chr4	28057246	28057249
Chr4	28059607	28059610
Chr4	28057246	28057249
Chr4	28059610	28059613
Chr4	28057246	28057249
Chr4	28059607	28059610
Chr4	28148000	28148003
Chr4	28148003	28148006
Chr4	28148003	28148006
Chr4	28148000	28148003
Chr4	28289922	28289925
Chr4	28289922	28289925
Chr4	28289922	28289925
Chr4	28727650	28727653
Chr4	28739796	28739799
Chr4	28739796	28739799
Chr4	28739796	28739799
Chr4	28739796	28739799
Chr4	28861865	28861868
Chr4	29047967	29047970
Chr4	29080837	29080840
Chr4	29080837	29080840
Chr4	29080840	29080843
Chr4	29080837	29080840
Chr4	29120475	29120478
Chr4	29137517	29137520
Chr4	29218324	29218327
Chr4	29218324	29218327
Chr4	29218324	29218327
Chr4	29218324	29218327
Chr4	29287039	29287042
Chr4	29383583	29383586
Chr4	29603862	29603865
Chr4	29603862	29603865
Chr4	29603862	29603865
Chr4	29603862	29603865
Chr4	29609122	29609125
Chr4	29639098	29639101
Chr4	29639098	29639101
Chr4	29870752	29870755
Chr4	29871503	29871506
Chr4	29870752	29870755
Chr4	29870752	29870755
Chr4	29870752	29870755
Chr4	29870752	29870755
Chr4	30161417	30161420
Chr4	30325702	30325705
Chr4	30513996	30513999
Chr4	30513996	30513999
Chr4	30513996	30513999
Chr4	30513996	30513999
Chr4	30513996	30513999
Chr4	30513996	30513999
Chr4	31376616	31376619
Chr4	31384223	31384226
Chr4	31387730	31387733
Chr4	31387730	31387733
Chr4	31387733	31387736
Chr4	31387730	31387733
Chr4	31387730	31387733
Chr4	31426319	31426322
Chr4	31426319	31426322
Chr4	31426319	31426322
Chr4	31674848	31674851
Chr4	31677004	31677007
Chr4	31674845	31674848
Chr4	31677001	31677004
Chr4	31677001	31677004
Chr4	31674845	31674848
Chr4	31677001	31677004
Chr4	31674845	31674848
Chr4	31677001	31677004
Chr4	31710773	31710776
Chr4	31710776	31710779
Chr4	31924131	31924134
Chr4	31930920	31930923
Chr4	31930923	31930926
Chr4	31930920	31930923
Chr4	32169652	32169655
Chr4	32169652	32169655
Chr4	32169652	32169655
Chr4	32326937	32326940
Chr4	32326934	32326937
Chr4	32326934	32326937
Chr4	32326934	32326937
Chr4	32326934	32326937
Chr4	33017280	33017283
Chr4	33017280	33017283
Chr4	33017280	33017283
Chr4	33017280	33017283
Chr4	33094033	33094036
Chr4	33094033	33094036
Chr4	33094033	33094036
Chr4	33094033	33094036
Chr4	33182329	33182332
Chr4	33297824	33297827
Chr4	33304485	33304488
Chr4	33304485	33304488
Chr4	33304485	33304488
Chr4	33402610	33402613
Chr4	33402350	33402353
Chr4	33507342	33507345
Chr4	33507342	33507345
Chr4	33507342	33507345
Chr4	33861549	33861552
Chr4	33861549	33861552
Chr4	33861549	33861552
Chr4	33861549	33861552
Chr4	33867068	33867071
Chr4	33867068	33867071
Chr4	33968509	33968512
Chr4	34367903	34367906
Chr4	34367900	34367903
Chr4	34363917	34363920
Chr4	34367900	34367903
Chr4	34374172	34374175
Chr4	34687258	34687261
Chr4	34687258	34687261
Chr4	34687258	34687261
Chr4	34687261	34687264
Chr4	34723143	34723146
Chr4	34929122	34929125
Chr4	35045349	35045352
Chr4	35045349	35045352
Chr4	35045349	35045352
Chr4	35045349	35045352
Chr4	35076712	35076715
Chr4	35082634	35082637
Chr4	35185335	35185338
Chr4	35244613	35244616
Chr4	35244613	35244616
Chr4	35244613	35244616
Chr4	35244613	35244616
Chr4	35421685	35421688
Chr4	35422418	35422421
Chr4	35422418	35422421
Chr4	35422418	35422421
Chr5	55721	55724
Chr5	171252	171255
Chr5	171252	171255
Chr5	171252	171255
Chr5	226599	226602
Chr5	226599	226602
Chr5	226602	226605
Chr5	226599	226602
Chr5	226599	226602
Chr5	334871	334874
Chr5	334871	334874
Chr5	334871	334874
Chr5	360471	360474
Chr5	646583	646586
Chr5	646580	646583
Chr5	646580	646583
Chr5	646580	646583
Chr5	772693	772696
Chr5	772693	772696
Chr5	772693	772696
Chr5	772693	772696
Chr5	898444	898447
Chr5	898444	898447
Chr5	898444	898447
Chr5	898444	898447
Chr5	938268	938271
Chr5	938989	938992
Chr5	1076550	1076553
Chr5	1194953	1194956
Chr5	1440637	1440640
Chr5	1561869	1561872
Chr5	1657101	1657104
Chr5	1736704	1736707
Chr5	1874690	1874693
Chr5	1879838	1879841
Chr5	2289996	2289999
Chr5	2289996	2289999
Chr5	2289996	2289999
Chr5	2289996	2289999
Chr5	2348557	2348560
Chr5	2358836	2358839
Chr5	2358684	2358687
Chr5	2972804	2972807
Chr5	3049044	3049047
Chr5	3321326	3321329
Chr5	4074600	4074603
Chr5	4164884	4164887
Chr5	4248931	4248934
Chr5	4249077	4249080
Chr5	4248931	4248934
Chr5	4249080	4249083
Chr5	4248931	4248934
Chr5	4249077	4249080
Chr5	4248931	4248934
Chr5	4249077	4249080
Chr5	4616619	4616622
Chr5	4691090	4691093
Chr5	4848810	4848813
Chr5	5370458	5370461
Chr5	5370455	5370458
Chr5	5370455	5370458
Chr5	5370458	5370461
Chr5	5370455	5370458
Chr5	5806594	5806597
Chr5	5809340	5809343
Chr5	5878602	5878605
Chr5	5878602	5878605
Chr5	5878602	5878605
Chr5	6164427	6164430
Chr5	6164427	6164430
Chr5	6164427	6164430
Chr5	6164427	6164430
Chr5	6164427	6164430
Chr5	6164427	6164430
Chr5	6548206	6548209
Chr5	6586190	6586193
Chr5	6663444	6663447
Chr5	6663444	6663447
Chr5	6663444	6663447
Chr5	7296221	7296224
Chr5	7439410	7439413
Chr5	7500151	7500154
Chr5	10234682	10234685
Chr5	10234682	10234685
Chr5	10234682	10234685
Chr5	10234682	10234685
Chr5	10671661	10671664
Chr5	11471478	11471481
Chr5	13371628	13371631
Chr5	13383775	13383778
Chr5	13959555	13959558
Chr5	13976475	13976478
Chr5	13976475	13976478
Chr5	13976475	13976478
Chr5	14017476	14017479
Chr5	14154609	14154612
Chr5	14154609	14154612
Chr5	14154609	14154612
Chr5	14154609	14154612
Chr5	14154609	14154612
Chr5	14625557	14625560
Chr5	14625557	14625560
Chr5	14625557	14625560
Chr5	14625557	14625560
Chr5	14625560	14625563
Chr5	14652034	14652037
Chr5	14654627	14654630
Chr5	14652034	14652037
Chr5	14654627	14654630
Chr5	14652034	14652037
Chr5	14654627	14654630
Chr5	14657076	14657079
Chr5	14652034	14652037
Chr5	14654627	14654630
Chr5	14652034	14652037
Chr5	14654627	14654630
Chr5	14875956	14875959
Chr5	14878346	14878349
Chr5	14878711	14878714
Chr5	14878346	14878349
Chr5	14878711	14878714
Chr5	14878343	14878346
Chr5	14878711	14878714
Chr5	14878343	14878346
Chr5	14878711	14878714
Chr5	15213005	15213008
Chr5	15213008	15213011
Chr5	15213005	15213008
Chr5	15213005	15213008
Chr5	15488459	15488462
Chr5	15488459	15488462
Chr5	15488459	15488462
Chr5	15488459	15488462
Chr5	15488459	15488462
Chr5	15583220	15583223
Chr5	15655520	15655523
Chr5	15698448	15698451
Chr5	15698448	15698451
Chr5	15698448	15698451
Chr5	15698448	15698451
Chr5	15698448	15698451
Chr5	16343030	16343033
Chr5	16355428	16355431
Chr5	16355425	16355428
Chr5	16355425	16355428
Chr5	16355425	16355428
Chr5	16364135	16364138
Chr5	16364135	16364138
Chr5	16364135	16364138
Chr5	16364135	16364138
Chr5	16364135	16364138
Chr5	16383589	16383592
Chr5	16615711	16615714
Chr5	16615708	16615711
Chr5	16615708	16615711
Chr5	16615711	16615714
Chr5	16615708	16615711
Chr5	16788403	16788406
Chr5	16788400	16788403
Chr5	16788406	16788409
Chr5	16788403	16788406
Chr5	16788400	16788403
Chr5	16786835	16786838
Chr5	16788403	16788406
Chr5	16788403	16788406
Chr5	17519858	17519861
Chr5	17697456	17697459
Chr5	17697456	17697459
Chr5	17713717	17713720
Chr5	18028707	18028710
Chr5	18693567	18693570
Chr5	18695565	18695568
Chr5	18695568	18695571
Chr5	18695565	18695568
Chr5	19034903	19034906
Chr5	19143341	19143344
Chr5	19143338	19143341
Chr5	19143341	19143344
Chr5	19143341	19143344
Chr5	19143338	19143341
Chr5	19143394	19143397
Chr5	19739424	19739427
Chr5	19775167	19775170
Chr5	19808128	19808131
Chr5	19873231	19873234
Chr5	20051104	20051107
Chr5	20117984	20117987
Chr5	20117984	20117987
Chr5	20117984	20117987
Chr5	20117984	20117987
Chr5	20159531	20159534
Chr5	20163985	20163988
Chr5	20301998	20302001
Chr5	20301998	20302001
Chr5	20301998	20302001
Chr5	20323602	20323605
Chr5	20411575	20411578
Chr5	20420994	20420997
Chr5	20563603	20563606
Chr5	20833963	20833966
Chr5	21321063	21321066
Chr5	21321063	21321066
Chr5	21321063	21321066
Chr5	21321182	21321185
Chr5	21321063	21321066
Chr5	21400043	21400046
Chr5	21606697	21606700
Chr5	21620539	21620542
Chr5	21633281	21633284
Chr5	21633281	21633284
Chr5	21633281	21633284
Chr5	21633281	21633284
Chr5	21674988	21674991
Chr5	21678134	21678137
Chr5	21678134	21678137
Chr5	21678134	21678137
Chr5	21678134	21678137
Chr5	21742141	21742144
Chr5	22027348	22027351
Chr5	22027348	22027351
Chr5	22056643	22056646
Chr5	22056643	22056646
Chr5	22056643	22056646
Chr5	22056646	22056649
Chr5	22131757	22131760
Chr5	22246309	22246312
Chr5	22572443	22572446
Chr5	22645235	22645238
Chr5	22646608	22646611
Chr5	22645235	22645238
Chr5	22645235	22645238
Chr5	22646608	22646611
Chr5	22646608	22646611
Chr5	22646608	22646611
Chr5	22645235	22645238
Chr5	22929720	22929723
Chr5	22936557	22936560
Chr5	23213326	23213329
Chr5	23257990	23257993
Chr5	23257993	23257996
Chr5	23257990	23257993
Chr5	23257990	23257993
Chr5	23257993	23257996
Chr5	23257993	23257996
Chr5	23257996	23257999
Chr5	23257990	23257993
Chr5	23398861	23398864
Chr5	23466580	23466583
Chr5	23499075	23499078
Chr5	23499064	23499067
Chr5	23520848	23520851
Chr5	23528344	23528347
Chr5	23950470	23950473
Chr5	23978444	23978447
Chr5	24062131	24062134
Chr5	24270069	24270072
Chr5	24356896	24356899
Chr5	24430651	24430654
Chr5	24446370	24446373
Chr5	24610393	24610396
Chr5	24649159	24649162
Chr5	24878621	24878624
Chr5	24878621	24878624
Chr5	24878618	24878621
Chr5	25536620	25536623
Chr5	25536623	25536626
Chr5	25536620	25536623
Chr5	25546565	25546568
Chr5	25546565	25546568
Chr5	25546565	25546568
Chr5	26247574	26247577
Chr5	26247574	26247577
Chr5	26247574	26247577
Chr5	26247574	26247577
Chr5	26765689	26765692
Chr5	27024731	27024734
Chr5	27073214	27073217
Chr5	27073211	27073214
Chr5	27073211	27073214
Chr5	27073211	27073214
Chr5	27093313	27093316
Chr5	27123801	27123804
Chr5	27123801	27123804
Chr5	27123801	27123804
Chr5	27123801	27123804
Chr5	27177269	27177272
Chr5	27519312	27519315
Chr5	27602381	27602384
Chr5	27602381	27602384
Chr5	27764121	27764124
Chr5	27810911	27810914
Chr5	27853706	27853709
Chr5	27853709	27853712
Chr5	27853709	27853712
Chr5	27986972	27986975
Chr5	28024211	28024214
Chr5	28030428	28030431
Chr5	28151163	28151166
Chr5	28151163	28151166
Chr5	28151163	28151166
Chr5	28151163	28151166
Chr5	28151163	28151166
Chr5	28478267	28478270
Chr5	28527273	28527276
Chr5	28670921	28670924
Chr5	28811998	28812001
Chr5	28811998	28812001
Chr5	28811998	28812001
Chr5	28811998	28812001
Chr5	28878791	28878794
Chr5	28878788	28878791
Chr5	28878788	28878791
Chr5	28878788	28878791
Chr5	28927630	28927633
Chr5	28927630	28927633
Chr5	28927630	28927633
Chr5	29075875	29075878
Chr5	29588507	29588510
Chr6	227472	227475
Chr6	227472	227475
Chr6	227472	227475
Chr6	807578	807581
Chr6	830991	830994
Chr6	844778	844781
Chr6	844778	844781
Chr6	844778	844781
Chr6	844778	844781
Chr6	844778	844781
Chr6	986513	986516
Chr6	986516	986519
Chr6	986513	986516
Chr6	986513	986516
Chr6	986976	986979
Chr6	986513	986516
Chr6	1397517	1397520
Chr6	1543420	1543423
Chr6	1543420	1543423
Chr6	1543420	1543423
Chr6	1793054	1793057
Chr6	2035337	2035340
Chr6	2035334	2035337
Chr6	2035334	2035337
Chr6	2035334	2035337
Chr6	2035334	2035337
Chr6	2035334	2035337
Chr6	2035334	2035337
Chr6	2035334	2035337
Chr6	2306911	2306914
Chr6	2439924	2439927
Chr6	3808396	3808399
Chr6	3811309	3811312
Chr6	3811309	3811312
Chr6	3811309	3811312
Chr6	3811309	3811312
Chr6	3811309	3811312
Chr6	3811309	3811312
Chr6	3811309	3811312
Chr6	4050042	4050045
Chr6	4093155	4093158
Chr6	4093155	4093158
Chr6	4093155	4093158
Chr6	4093155	4093158
Chr6	4093155	4093158
Chr6	4093155	4093158
Chr6	4093155	4093158
Chr6	4197488	4197491
Chr6	4635890	4635893
Chr6	4672362	4672365
Chr6	4729736	4729739
Chr6	4729736	4729739
Chr6	4729739	4729742
Chr6	4729736	4729739
Chr6	4729736	4729739
Chr6	4729736	4729739
Chr6	4729736	4729739
Chr6	5204011	5204014
Chr6	5294781	5294784
Chr6	5541977	5541980
Chr6	5541977	5541980
Chr6	5711667	5711670
Chr6	5711664	5711667
Chr6	5711664	5711667
Chr6	5711664	5711667
Chr6	5711664	5711667
Chr6	5711664	5711667
Chr6	6168611	6168614
Chr6	6356701	6356704
Chr6	6356701	6356704
Chr6	6356701	6356704
Chr6	6356701	6356704
Chr6	6356701	6356704
Chr6	6356701	6356704
Chr6	6521724	6521727
Chr6	6521724	6521727
Chr6	6521724	6521727
Chr6	6521724	6521727
Chr6	6521724	6521727
Chr6	6521724	6521727
Chr6	6758040	6758043
Chr6	6848915	6848918
Chr6	6848918	6848921
Chr6	6848915	6848918
Chr6	6848915	6848918
Chr6	6848915	6848918
Chr6	6848915	6848918
Chr6	6848915	6848918
Chr6	7240933	7240936
Chr6	7240936	7240939
Chr6	7240933	7240936
Chr6	7384221	7384224
Chr6	7516516	7516519
Chr6	7628081	7628084
Chr6	7627506	7627509
Chr6	7628081	7628084
Chr6	7628084	7628087
Chr6	7628081	7628084
Chr6	7690781	7690784
Chr6	7690781	7690784
Chr6	7690781	7690784
Chr6	7690781	7690784
Chr6	7918572	7918575
Chr6	8027977	8027980
Chr6	8042615	8042618
Chr6	8042612	8042615
Chr6	8042612	8042615
Chr6	8042612	8042615
Chr6	8171527	8171530
Chr6	8187914	8187917
Chr6	8356630	8356633
Chr6	8356633	8356636
Chr6	8356630	8356633
Chr6	8972534	8972537
Chr6	9978145	9978148
Chr6	10089991	10089994
Chr6	10089991	10089994
Chr6	10089991	10089994
Chr6	10360942	10360945
Chr6	10360942	10360945
Chr6	10360942	10360945
Chr6	11143071	11143074
Chr6	11552864	11552867
Chr6	11552864	11552867
Chr6	11552864	11552867
Chr6	11552864	11552867
Chr6	11552864	11552867
Chr6	11552864	11552867
Chr6	11558694	11558697
Chr6	11558694	11558697
Chr6	11558694	11558697
Chr6	11864647	11864650
Chr6	13741408	13741411
Chr6	13968973	13968976
Chr6	14196448	14196451
Chr6	14196448	14196451
Chr6	14196448	14196451
Chr6	14533007	14533010
Chr6	14533007	14533010
Chr6	14533007	14533010
Chr6	14533007	14533010
Chr6	14533007	14533010
Chr6	14533007	14533010
Chr6	14533007	14533010
Chr6	14650056	14650059
Chr6	14790332	14790335
Chr6	14790332	14790335
Chr6	14790332	14790335
Chr6	16569501	16569504
Chr6	17106305	17106308
Chr6	17106305	17106308
Chr6	17106305	17106308
Chr6	17106305	17106308
Chr6	17290334	17290337
Chr6	17290337	17290340
Chr6	17290334	17290337
Chr6	17290334	17290337
Chr6	18886269	18886272
Chr6	18886272	18886275
Chr6	18886269	18886272
Chr6	18971561	18971564
Chr6	19697784	19697787
Chr6	19875147	19875150
Chr6	19875147	19875150
Chr6	19875147	19875150
Chr6	19875147	19875150
Chr6	20681296	20681299
Chr6	20709176	20709179
Chr6	20709176	20709179
Chr6	20709176	20709179
Chr6	20717706	20717709
Chr6	20717706	20717709
Chr6	20717706	20717709
Chr6	20717706	20717709
Chr6	20717706	20717709
Chr6	21010524	21010527
Chr6	21010527	21010530
Chr6	21010524	21010527
Chr6	21010524	21010527
Chr6	21010524	21010527
Chr6	21010524	21010527
Chr6	21231548	21231551
Chr6	21359909	21359912
Chr6	21359906	21359909
Chr6	21360125	21360128
Chr6	21359906	21359909
Chr6	21359906	21359909
Chr6	21359909	21359912
Chr6	21359906	21359909
Chr6	21805494	21805497
Chr6	21861157	21861160
Chr6	21891950	21891953
Chr6	22182218	22182221
Chr6	22181787	22181790
Chr6	22645405	22645408
Chr6	22646014	22646017
Chr6	22646014	22646017
Chr6	22646014	22646017
Chr6	22646017	22646020
Chr6	22646014	22646017
Chr6	22646014	22646017
Chr6	23126473	23126476
Chr6	23126473	23126476
Chr6	23126473	23126476
Chr6	23126473	23126476
Chr6	23126473	23126476
Chr6	23126473	23126476
Chr6	23126473	23126476
Chr6	23150796	23150799
Chr6	23164135	23164138
Chr6	23276129	23276132
Chr6	23340487	23340490
Chr6	23373492	23373495
Chr6	23535330	23535333
Chr6	23535330	23535333
Chr6	23535330	23535333
Chr6	23535333	23535336
Chr6	23535330	23535333
Chr6	23535330	23535333
Chr6	23535330	23535333
Chr6	23535330	23535333
Chr6	23734859	23734862
Chr6	23734614	23734617
Chr6	24139317	24139320
Chr6	24358874	24358877
Chr6	24358871	24358874
Chr6	24358871	24358874
Chr6	24358871	24358874
Chr6	24358874	24358877
Chr6	24358871	24358874
Chr6	24358871	24358874
Chr6	24594638	24594641
Chr6	24594638	24594641
Chr6	24594638	24594641
Chr6	24594638	24594641
Chr6	24594638	24594641
Chr6	24594638	24594641
Chr6	24679451	24679454
Chr6	24738717	24738720
Chr6	24906942	24906945
Chr6	25002505	25002508
Chr6	25002508	25002511
Chr6	25002505	25002508
Chr6	25002505	25002508
Chr6	25002508	25002511
Chr6	25002505	25002508
Chr6	25002505	25002508
Chr6	25061785	25061788
Chr6	25548023	25548026
Chr6	25696736	25696739
Chr6	25941375	25941378
Chr6	25941375	25941378
Chr6	26019283	26019286
Chr6	26030738	26030741
Chr6	26095136	26095139
Chr6	26397557	26397560
Chr6	26397557	26397560
Chr6	26417517	26417520
Chr6	26417517	26417520
Chr6	26417517	26417520
Chr6	26417517	26417520
Chr6	26417517	26417520
Chr6	26417517	26417520
Chr6	26521347	26521350
Chr6	26597722	26597725
Chr6	26615023	26615026
Chr6	26626046	26626049
Chr6	26664746	26664749
Chr6	26792258	26792261
Chr6	26822475	26822478
Chr6	27025138	27025141
Chr6	27025138	27025141
Chr6	27249224	27249227
Chr6	27249221	27249224
Chr6	27371006	27371009
Chr6	27453820	27453823
Chr6	27476863	27476866
Chr6	27565134	27565137
Chr6	27766372	27766375
Chr6	27840590	27840593
Chr6	27840590	27840593
Chr6	27840590	27840593
Chr6	27840590	27840593
Chr6	27840590	27840593
Chr6	27840590	27840593
Chr6	27901839	27901842
Chr6	28586078	28586081
Chr6	28915935	28915938
Chr6	28915938	28915941
Chr6	29032045	29032048
Chr6	29048878	29048881
Chr6	29048878	29048881
Chr6	29048878	29048881
Chr6	29048878	29048881
Chr6	29048878	29048881
Chr6	29405406	29405409
Chr6	29405403	29405406
Chr6	29405403	29405406
Chr6	29405403	29405406
Chr6	29405403	29405406
Chr6	29405403	29405406
Chr6	29467373	29467376
Chr6	29643902	29643905
Chr6	29654806	29654809
Chr6	29694595	29694598
Chr6	29756945	29756948
Chr6	29756945	29756948
Chr6	29874552	29874555
Chr6	29874552	29874555
Chr6	29874552	29874555
Chr6	29874552	29874555
Chr6	30049592	30049595
Chr6	30049592	30049595
Chr6	30049592	30049595
Chr6	30049592	30049595
Chr6	30049592	30049595
Chr6	30293898	30293901
Chr6	30293898	30293901
Chr6	30293898	30293901
Chr6	30293898	30293901
Chr6	30293901	30293904
Chr6	30450782	30450785
Chr6	30450782	30450785
Chr6	30450782	30450785
Chr6	30450785	30450788
Chr6	30450782	30450785
Chr6	30450782	30450785
Chr6	31011987	31011990
Chr6	31117136	31117139
Chr6	31117136	31117139
Chr6	31169518	31169521
Chr7	145648	145651
Chr7	734328	734331
Chr7	788385	788388
Chr7	1035228	1035231
Chr7	1246394	1246397
Chr7	1246378	1246381
Chr7	1246394	1246397
Chr7	1246394	1246397
Chr7	1246378	1246381
Chr7	1246394	1246397
Chr7	1246394	1246397
Chr7	1246378	1246381
Chr7	1552027	1552030
Chr7	1711845	1711848
Chr7	1765517	1765520
Chr7	1765517	1765520
Chr7	1765517	1765520
Chr7	1765517	1765520
Chr7	1765732	1765735
Chr7	1788057	1788060
Chr7	1788060	1788063
Chr7	1788057	1788060
Chr7	1788057	1788060
Chr7	1850678	1850681
Chr7	2243507	2243510
Chr7	2237392	2237395
Chr7	2675930	2675933
Chr7	3202958	3202961
Chr7	3238475	3238478
Chr7	3469263	3469266
Chr7	3580864	3580867
Chr7	3580864	3580867
Chr7	3580864	3580867
Chr7	3580867	3580870
Chr7	3667744	3667747
Chr7	3667747	3667750
Chr7	3667747	3667750
Chr7	3667744	3667747
Chr7	3851195	3851198
Chr7	3889221	3889224
Chr7	3981857	3981860
Chr7	3981857	3981860
Chr7	3981857	3981860
Chr7	3981857	3981860
Chr7	4019951	4019954
Chr7	4019951	4019954
Chr7	4019954	4019957
Chr7	4019951	4019954
Chr7	4031358	4031361
Chr7	4031361	4031364
Chr7	4031358	4031361
Chr7	4049586	4049589
Chr7	4049586	4049589
Chr7	4049586	4049589
Chr7	4049586	4049589
Chr7	4097545	4097548
Chr7	4116215	4116218
Chr7	4563233	4563236
Chr7	4795740	4795743
Chr7	5387512	5387515
Chr7	5489241	5489244
Chr7	6130590	6130593
Chr7	6376911	6376914
Chr7	7003898	7003901
Chr7	7544634	7544637
Chr7	7903734	7903737
Chr7	7972037	7972040
Chr7	7972040	7972043
Chr7	7972037	7972040
Chr7	7972037	7972040
Chr7	8879927	8879930
Chr7	8879927	8879930
Chr7	8879927	8879930
Chr7	8879927	8879930
Chr7	9578602	9578605
Chr7	10226508	10226511
Chr7	10375097	10375099
Chr7	11852824	11852827
Chr7	11852824	11852827
Chr7	11852824	11852827
Chr7	11852824	11852827
Chr7	12440865	12440868
Chr7	13285251	13285254
Chr7	14116854	14116857
Chr7	14533139	14533142
Chr7	14813577	14813580
Chr7	14975640	14975643
Chr7	14975640	14975643
Chr7	14975640	14975643
Chr7	14975640	14975643
Chr7	15650815	15650818
Chr7	16023231	16023234
Chr7	16023231	16023234
Chr7	16023234	16023237
Chr7	16023231	16023234
Chr7	16258988	16258991
Chr7	16258988	16258991
Chr7	16258988	16258991
Chr7	16258988	16258991
Chr7	17125849	17125852
Chr7	17125849	17125852
Chr7	17125849	17125852
Chr7	17125849	17125852
Chr7	17125849	17125852
Chr7	18616401	18616404
Chr7	18616404	18616407
Chr7	18616401	18616404
Chr7	18983648	18983651
Chr7	19010135	19010138
Chr7	19010138	19010141
Chr7	19010135	19010138
Chr7	19010135	19010138
Chr7	19010135	19010138
Chr7	19446274	19446277
Chr7	19446277	19446280
Chr7	19446274	19446277
Chr7	19446784	19446787
Chr7	19620796	19620799
Chr7	19911143	19911146
Chr7	20204540	20204543
Chr7	20204537	20204540
Chr7	20205014	20205017
Chr7	20204537	20204540
Chr7	20204540	20204543
Chr7	20204537	20204540
Chr7	20204537	20204540
Chr7	20527763	20527766
Chr7	20587125	20587128
Chr7	20587125	20587128
Chr7	20615707	20615710
Chr7	20612318	20612321
Chr7	20615707	20615710
Chr7	20615707	20615710
Chr7	20615707	20615710
Chr7	20615707	20615710
Chr7	20615707	20615710
Chr7	20615707	20615710
Chr7	21376224	21376227
Chr7	21376224	21376227
Chr7	21376224	21376227
Chr7	21376224	21376227
Chr7	21376224	21376227
Chr7	21376224	21376227
Chr7	21376224	21376227
Chr7	21402839	21402842
Chr7	21402839	21402842
Chr7	21402839	21402842
Chr7	21402839	21402842
Chr7	21402839	21402842
Chr7	21402839	21402842
Chr7	21402839	21402842
Chr7	21692303	21692306
Chr7	21883487	21883490
Chr7	22060084	22060087
Chr7	22060084	22060087
Chr7	22060084	22060087
Chr7	22060084	22060087
Chr7	22060084	22060087
Chr7	22060084	22060087
Chr7	22318243	22318246
Chr7	22679546	22679549
Chr7	22679546	22679549
Chr7	22677730	22677733
Chr7	22679546	22679549
Chr7	22679546	22679549
Chr7	22679546	22679549
Chr7	22679546	22679549
Chr7	22732982	22732985
Chr7	23009796	23009799
Chr7	23009796	23009799
Chr7	23009796	23009799
Chr7	23009796	23009799
Chr7	23009796	23009799
Chr7	23009796	23009799
Chr7	23057039	23057042
Chr7	23067146	23067149
Chr7	23233442	23233445
Chr7	23233494	23233497
Chr7	23272149	23272152
Chr7	23272149	23272152
Chr7	23272149	23272152
Chr7	23272149	23272152
Chr7	23272149	23272152
Chr7	23272149	23272152
Chr7	23272143	23272146
Chr7	23555326	23555329
Chr7	23559204	23559207
Chr7	23559207	23559210
Chr7	23559204	23559207
Chr7	23559204	23559207
Chr7	23559207	23559210
Chr7	23559204	23559207
Chr7	23580941	23580944
Chr7	23684823	23684826
Chr7	23682300	23682303
Chr7	23752426	23752429
Chr7	23752426	23752429
Chr7	23752426	23752429
Chr7	23752426	23752429
Chr7	23752429	23752432
Chr7	23795149	23795152
Chr7	23852998	23853001
Chr7	23852998	23853001
Chr7	23852998	23853001
Chr7	23852998	23853001
Chr7	23852998	23853001
Chr7	23937106	23937109
Chr7	24036104	24036107
Chr7	24315407	24315410
Chr7	24315404	24315407
Chr7	24773097	24773100
Chr7	24773097	24773100
Chr7	24778504	24778507
Chr7	24937107	24937110
Chr7	24937107	24937110
Chr7	24937107	24937110
Chr7	24937107	24937110
Chr7	24937107	24937110
Chr7	24937110	24937113
Chr7	25006471	25006474
Chr7	25122974	25122977
Chr7	25272426	25272429
Chr7	25626283	25626286
Chr7	25772024	25772027
Chr7	25772024	25772027
Chr7	25772024	25772027
Chr7	25772024	25772027
Chr7	25772024	25772027
Chr7	25788367	25788370
Chr7	25788367	25788370
Chr7	25788367	25788370
Chr7	25788367	25788370
Chr7	25788367	25788370
Chr7	26012882	26012885
Chr7	26090553	26090556
Chr7	26090553	26090556
Chr7	26090553	26090556
Chr7	26090553	26090556
Chr7	26090553	26090556
Chr7	26090553	26090556
Chr7	26156681	26156684
Chr7	26156681	26156684
Chr7	26156681	26156684
Chr7	26156684	26156687
Chr7	26156681	26156684
Chr7	26156681	26156684
Chr7	26460306	26460309
Chr7	26460306	26460309
Chr7	26460309	26460312
Chr7	26460306	26460309
Chr7	26460306	26460309
Chr7	26501225	26501228
Chr7	26909813	26909816
Chr7	26909813	26909816
Chr7	26908569	26908572
Chr7	26909813	26909816
Chr7	26933241	26933244
Chr7	26933238	26933241
Chr7	27679691	27679694
Chr7	27759447	27759450
Chr7	28151482	28151485
Chr7	28151482	28151485
Chr7	28151482	28151485
Chr7	28151482	28151485
Chr7	28151482	28151485
Chr7	28308177	28308180
Chr7	28526086	28526089
Chr7	28531684	28531687
Chr7	28525558	28525561
Chr7	28577215	28577218
Chr7	28821662	28821665
Chr7	28821662	28821665
Chr7	28821662	28821665
Chr7	28821662	28821665
Chr7	28868722	28868725
Chr7	29002783	29002786
Chr7	29003072	29003075
Chr7	29014628	29014631
Chr7	29015071	29015074
Chr7	29015071	29015074
Chr7	29015071	29015074
Chr7	29015071	29015074
Chr7	29076496	29076499
Chr7	29154624	29154627
Chr7	29154624	29154627
Chr7	29154624	29154627
Chr7	29460820	29460823
Chr7	29460820	29460823
Chr7	29460820	29460823
Chr7	29460820	29460823
Chr7	29484348	29484351
Chr7	29484348	29484351
Chr7	29484348	29484351
Chr7	29484348	29484351
Chr7	29484348	29484351
Chr7	29484348	29484351
Chr7	29484348	29484351
Chr8	264276	264279
Chr8	264276	264279
Chr8	264276	264279
Chr8	458414	458417
Chr8	458414	458417
Chr8	458414	458417
Chr8	613972	613975
Chr8	613972	613975
Chr8	613972	613975
Chr8	613972	613975
Chr8	737333	737336
Chr8	737333	737336
Chr8	737333	737336
Chr8	763040	763043
Chr8	763040	763043
Chr8	763040	763043
Chr8	763040	763043
Chr8	763040	763043
Chr8	973879	973882
Chr8	974176	974179
Chr8	973879	973882
Chr8	973879	973882
Chr8	1015024	1015027
Chr8	1556869	1556872
Chr8	1661224	1661227
Chr8	2376612	2376615
Chr8	2433354	2433357
Chr8	2433357	2433360
Chr8	2433354	2433357
Chr8	2433357	2433360
Chr8	2616924	2616927
Chr8	3396323	3396326
Chr8	3503388	3503391
Chr8	3543780	3543783
Chr8	3739807	3739810
Chr8	4295993	4295996
Chr8	4520235	4520238
Chr8	4865570	4865573
Chr8	4865570	4865573
Chr8	5033538	5033541
Chr8	5033538	5033541
Chr8	5033538	5033541
Chr8	5033538	5033541
Chr8	5033538	5033541
Chr8	5274834	5274837
Chr8	5326964	5326967
Chr8	5492619	5492622
Chr8	5556704	5556707
Chr8	5556704	5556707
Chr8	5556704	5556707
Chr8	5556704	5556707
Chr8	5556704	5556707
Chr8	5800721	5800724
Chr8	6804573	6804576
Chr8	8261894	8261897
Chr8	8317558	8317561
Chr8	8581522	8581525
Chr8	8581522	8581525
Chr8	8581519	8581522
Chr8	8581519	8581522
Chr8	8581519	8581522
Chr8	8581519	8581522
Chr8	8606328	8606331
Chr8	8655021	8655024
Chr8	8655021	8655024
Chr8	8655024	8655027
Chr8	8655021	8655024
Chr8	8655021	8655024
Chr8	8655021	8655024
Chr8	9683719	9683722
Chr8	9683719	9683722
Chr8	9683722	9683725
Chr8	9683719	9683722
Chr8	9683722	9683725
Chr8	9683722	9683725
Chr8	9683605	9683608
Chr8	9778571	9778574
Chr8	9778571	9778574
Chr8	9778571	9778574
Chr8	9778571	9778574
Chr8	9778571	9778574
Chr8	9778571	9778574
Chr8	10187896	10187899
Chr8	10236780	10236783
Chr8	10729276	10729279
Chr8	10729276	10729279
Chr8	11403144	11403147
Chr8	11403144	11403147
Chr8	11403144	11403147
Chr8	11403144	11403147
Chr8	11403147	11403150
Chr8	11413111	11413114
Chr8	11413096	11413099
Chr8	11454145	11454148
Chr8	11774721	11774724
Chr8	11774721	11774724
Chr8	11846175	11846178
Chr8	13076781	13076784
Chr8	13076784	13076787
Chr8	13076781	13076784
Chr8	13103107	13103110
Chr8	13103110	13103113
Chr8	13103110	13103113
Chr8	13103110	13103113
Chr8	13103107	13103110
Chr8	13103107	13103110
Chr8	14721481	14721484
Chr8	14721481	14721484
Chr8	14721481	14721484
Chr8	14721481	14721484
Chr8	14721481	14721484
Chr8	14721481	14721484
Chr8	15387729	15387732
Chr8	15387726	15387729
Chr8	15387726	15387729
Chr8	15387726	15387729
Chr8	15387726	15387729
Chr8	15632446	15632449
Chr8	15632446	15632449
Chr8	15632446	15632449
Chr8	15632446	15632449
Chr8	15632449	15632452
Chr8	15632446	15632449
Chr8	15773541	15773544
Chr8	16683449	16683452
Chr8	16854770	16854773
Chr8	18690427	18690430
Chr8	19040033	19040036
Chr8	19050587	19050590
Chr8	19197270	19197273
Chr8	19197270	19197273
Chr8	19197270	19197273
Chr8	19197270	19197273
Chr8	19197270	19197273
Chr8	19452247	19452250
Chr8	19453400	19453403
Chr8	19452247	19452250
Chr8	19453400	19453403
Chr8	19456158	19456161
Chr8	19452247	19452250
Chr8	19456161	19456164
Chr8	19452247	19452250
Chr8	19453400	19453403
Chr8	19456158	19456161
Chr8	19573350	19573353
Chr8	19671062	19671065
Chr8	19671059	19671062
Chr8	19671059	19671062
Chr8	19749103	19749106
Chr8	19840875	19840878
Chr8	19840875	19840878
Chr8	19840875	19840878
Chr8	19850939	19850942
Chr8	19856471	19856474
Chr8	19888503	19888506
Chr8	19888503	19888506
Chr8	19888503	19888506
Chr8	19888503	19888506
Chr8	19888503	19888506
Chr8	20120594	20120597
Chr8	20628371	20628374
Chr8	20628374	20628377
Chr8	20628371	20628374
Chr8	20628371	20628374
Chr8	20628371	20628374
Chr8	20628371	20628374
Chr8	21040172	21040175
Chr8	21213101	21213104
Chr8	21236816	21236819
Chr8	21303491	21303494
Chr8	21302898	21302901
Chr8	21303491	21303494
Chr8	21303491	21303494
Chr8	22717441	22717444
Chr8	22948359	22948362
Chr8	22948359	22948362
Chr8	22948359	22948362
Chr8	22948359	22948362
Chr8	22948359	22948362
Chr8	22958988	22958991
Chr8	22958988	22958991
Chr8	22958988	22958991
Chr8	22958988	22958991
Chr8	23312907	23312910
Chr8	23312907	23312910
Chr8	23312907	23312910
Chr8	23312907	23312910
Chr8	23643434	23643437
Chr8	23802327	23802330
Chr8	23802327	23802330
Chr8	23802327	23802330
Chr8	23802327	23802330
Chr8	23849140	23849143
Chr8	23891386	23891389
Chr8	24175360	24175363
Chr8	24175360	24175363
Chr8	24175360	24175363
Chr8	24556724	24556727
Chr8	24585355	24585358
Chr8	24585355	24585358
Chr8	24585355	24585358
Chr8	24585355	24585358
Chr8	24622993	24622996
Chr8	24622993	24622996
Chr8	24622993	24622996
Chr8	24622993	24622996
Chr8	24865163	24865166
Chr8	24881079	24881082
Chr8	24881079	24881082
Chr8	24881079	24881082
Chr8	24881079	24881082
Chr8	24965703	24965706
Chr8	24965703	24965706
Chr8	24965703	24965706
Chr8	24965703	24965706
Chr8	25236839	25236842
Chr8	25236839	25236842
Chr8	25236839	25236842
Chr8	25236839	25236842
Chr8	25278858	25278861
Chr8	25278858	25278861
Chr8	25278858	25278861
Chr8	25278858	25278861
Chr8	25281957	25281960
Chr8	25640584	25640587
Chr8	25706915	25706918
Chr8	25881177	25881180
Chr8	25881177	25881180
Chr8	25881177	25881180
Chr8	26389311	26389314
Chr8	26388762	26388765
Chr8	26430164	26430167
Chr8	26430164	26430167
Chr8	26430164	26430167
Chr8	26430167	26430170
Chr8	26430164	26430167
Chr8	26430164	26430167
Chr8	26734998	26735001
Chr8	27109714	27109717
Chr8	27109714	27109717
Chr8	27109714	27109717
Chr8	27153070	27153073
Chr8	27152477	27152480
Chr8	27153070	27153073
Chr8	27153070	27153073
Chr8	27152477	27152480
Chr8	27249497	27249500
Chr8	27396688	27396691
Chr8	27396688	27396691
Chr8	27396688	27396691
Chr8	27546364	27546367
Chr8	27559394	27559397
Chr8	28080861	28080864
Chr8	28182098	28182101
Chr8	28239101	28239104
Chr8	28264100	28264103
Chr9	259493	259496
Chr9	626689	626692
Chr9	643090	643093
Chr9	643090	643093
Chr9	643090	643093
Chr9	643090	643093
Chr9	968866	968869
Chr9	968866	968869
Chr9	968866	968869
Chr9	968866	968869
Chr9	1084608	1084611
Chr9	2094377	2094380
Chr9	2094377	2094380
Chr9	2094377	2094380
Chr9	2094377	2094380
Chr9	2929960	2929963
Chr9	3654820	3654823
Chr9	4213473	4213476
Chr9	6030899	6030902
Chr9	6030899	6030902
Chr9	6030899	6030902
Chr9	6030899	6030902
Chr9	6834216	6834219
Chr9	6852609	6852612
Chr9	6964922	6964925
Chr9	8171774	8171777
Chr9	9583245	9583248
Chr9	9583245	9583248
Chr9	10863117	10863120
Chr9	10863117	10863120
Chr9	11345696	11345699
Chr9	11632407	11632410
Chr9	11965308	11965311
Chr9	12105753	12105756
Chr9	12105753	12105756
Chr9	12105753	12105756
Chr9	12105753	12105756
Chr9	12105753	12105756
Chr9	12105753	12105756
Chr9	12449752	12449755
Chr9	12453631	12453634
Chr9	12771943	12771946
Chr9	13347066	13347069
Chr9	13736140	13736143
Chr9	13739918	13739921
Chr9	13736140	13736143
Chr9	13739918	13739921
Chr9	13774742	13774745
Chr9	14081741	14081744
Chr9	14118722	14118725
Chr9	14118722	14118725
Chr9	14118722	14118725
Chr9	14769650	14769653
Chr9	15242689	15242692
Chr9	15293698	15293701
Chr9	15394514	15394517
Chr9	15394517	15394520
Chr9	15394514	15394517
Chr9	15394514	15394517
Chr9	15441737	15441740
Chr9	15441737	15441740
Chr9	15441737	15441740
Chr9	15441737	15441740
Chr9	15441737	15441740
Chr9	15486430	15486433
Chr9	15489449	15489452
Chr9	15558974	15558977
Chr9	15559282	15559285
Chr9	15710720	15710723
Chr9	15710720	15710723
Chr9	15710720	15710723
Chr9	15873913	15873916
Chr9	15873913	15873916
Chr9	16182068	16182071
Chr9	16182071	16182074
Chr9	16182068	16182071
Chr9	16552221	16552224
Chr9	16552201	16552204
Chr9	16690611	16690614
Chr9	16690611	16690614
Chr9	16690611	16690614
Chr9	16690614	16690617
Chr9	16865569	16865572
Chr9	16865569	16865572
Chr9	16865569	16865572
Chr9	17091697	17091700
Chr9	17137789	17137792
Chr9	17204024	17204027
Chr9	17358859	17358862
Chr9	17452746	17452749
Chr9	17452749	17452752
Chr9	17452746	17452749
Chr9	17452746	17452749
Chr9	17580474	17580477
Chr9	17901600	17901603
Chr9	17901600	17901603
Chr9	17901600	17901603
Chr9	17901600	17901603
Chr9	18164832	18164835
Chr9	18183748	18183751
Chr9	18186640	18186643
Chr9	18354393	18354396
Chr9	18354393	18354396
Chr9	18354393	18354396
Chr9	18354393	18354396
Chr9	18501907	18501910
Chr9	18587441	18587444
Chr9	18587844	18587847
Chr9	18705898	18705901
Chr9	18705898	18705901
Chr9	18705898	18705901
Chr9	18705898	18705901
Chr9	18957577	18957580
Chr9	19174229	19174232
Chr9	19174229	19174232
Chr9	19174229	19174232
Chr9	19174229	19174232
Chr9	19302410	19302413
Chr9	19637390	19637393
Chr9	19637390	19637393
Chr9	19637390	19637393
Chr9	19642635	19642638
Chr9	19637390	19637393
Chr9	19760394	19760397
Chr9	19832666	19832669
Chr9	19832666	19832669
Chr9	19832666	19832669
Chr9	19832666	19832669
Chr9	19853963	19853966
Chr9	19853963	19853966
Chr9	19853963	19853966
Chr9	19853966	19853969
Chr9	20177226	20177229
Chr9	20177226	20177229
Chr9	20250174	20250177
Chr9	20250177	20250180
Chr9	20250174	20250177
Chr9	20250174	20250177
Chr9	20250174	20250177
Chr9	20473692	20473695
Chr9	20604077	20604080
Chr9	20650657	20650660
Chr9	20804029	20804032
Chr9	20804029	20804032
Chr9	20805719	20805722
Chr9	20804029	20804032
Chr9	20804029	20804032
Chr9	20804032	20804035
Chr9	20805716	20805719
Chr9	20804029	20804032
Chr9	20816059	20816062
Chr9	20838350	20838353
Chr9	21287855	21287858
Chr9	21306203	21306206
Chr9	21322651	21322654
Chr9	21385878	21385881
Chr9	21458343	21458346
Chr9	21458343	21458346
Chr9	21458343	21458346
Chr9	21614110	21614113
Chr9	21701639	21701642
Chr9	21714458	21714461
Chr9	21743838	21743841
Chr9	21744262	21744265
Chr9	21744262	21744265
Chr9	21859386	21859389
Chr9	21859389	21859392
Chr9	21859386	21859389
Chr9	21884648	21884651
Chr9	21884651	21884654
Chr9	21884648	21884651
Chr9	22075012	22075015
Chr9	22089214	22089217
Chr9	22186804	22186807
Chr9	22186804	22186807
Chr9	22186804	22186807
Chr9	22186804	22186807
Chr9	22376715	22376718
Chr9	22496176	22496179
Chr9	22559518	22559521
Chr9	22676800	22676803
Chr9	22676145	22676148
Chr9	22706822	22706825
Chr9	22706825	22706828
Chr9	22706822	22706825
Chr9	22706822	22706825
